"X","Variety","Centre","SNPsubsp","K9.group","country","region","readepth","Filtered.insertions","Culm.diameter...1st.internode","culm.strength","flag.leaf.angle","grain.length","grain.width","leaf.length","leaf.senescence","Grain.weight","Salt.injury.at.EC12","Time.to.flowering..from.sowing","panicle.threshability"
1,"IRIS 313-10000","IRIS","IND","XI-1B","South_Korea","EAS",15.1,21824,1,1,1,8.2,3.1,2,1,2.6,1,4.43081679884331,1
2,"IRIS 313-10010","IRIS","IND","XI-2","Fiji","OCE",27.39,20360,2,2,5,8,3.1,3,2,2.2,1,4.91265488573605,2
3,"IRIS 313-10020","IRIS","AUS","cA","Sri_Lanka","SAS",21.98,20239,1,2,3,7.9,2.7,3,2,2,2,4.59511985013459,1
4,"IRIS 313-10026","IRIS","IND","XI-2","Madagascar","AFR",18.55,21742,1,1,3,8.3,2.7,3,2,2.1,2,4.55387689160054,2
5,"IRIS 313-10059","IRIS","JAP","GJ-tmp","South_Korea","EAS",15.83,22561,1,1,3,7.5,3.3,2,1,2.7,1,4.29045944114839,1
6,"IRIS 313-10078","IRIS","JAP","GJ-trp","Japan","EAS",15.98,21357,1,1,3,9.1,3.8,2,1,3.3,2,4.35670882668959,1
7,"IRIS 313-10097","IRIS","JAP","GJ-tmp","South_Korea","EAS",25.5,22053,1,1,5,7.1,3.5,2,1,1.8,2,4.11087386417331,2
8,"IRIS 313-10109","IRIS","IND","XI-3","Nigeria","AFR",17.58,19530,2,1,1,10.2,3.1,3,2,3.2,1,4.76217393479776,1
9,"IRIS 313-10114","IRIS","IND","XI-2","Burundi","AFR",31.95,20013,2,1,3,8.5,2.7,3,2,2.7,2,4.43081679884331,2
10,"IRIS 313-10134","IRIS","IND","XI-3","Thailand","SEA",20.23,19154,2,2,3,9.8,2.8,3,1,2.7,1,4.9416424226093,2
11,"IRIS 313-10158","IRIS","IND","XI-adm","Ecuador","AME",16.67,20450,1,1,5,10.2,2.8,4,2,2.6,2,4.88280192258637,2
12,"IRIS 313-10171","IRIS","IND","XI-1A","China","EAS",29.75,20077,1,1,1,8.9,3.1,2,2,2.9,1,4.52178857704904,1
13,"IRIS 313-10177","IRIS","IND","XI-adm","China","EAS",38.67,19644,2,2,5,7.6,3.1,4,2,2,1,4.59511985013459,1
14,"IRIS 313-10179","IRIS","IND","XI-adm","China","EAS",16.47,19226,1,1,5,8.4,2.8,3,2,2.3,1,4.4188406077966,1
15,"IRIS 313-10189","IRIS","IND","XI-1A","China","EAS",18.82,20412,1,1,3,7.4,3,3,2,2.2,2,4.52178857704904,2
16,"IRIS 313-10221","IRIS","IND","XI-adm","China","EAS",15.29,20002,2,1,3,7.7,2.8,2,2,2.1,1,4.27666611901606,1
17,"IRIS 313-10228","IRIS","JAP","GJ-tmp","China","EAS",15.03,21672,2,1,5,6.6,3.1,4,2,1.9,2,4.40671924726425,1
18,"IRIS 313-10235","IRIS","IND","XI-adm","Philippines","SEA",26.83,19469,2,1,1,10.1,2.7,3,2,3.2,1,4.64439089914137,2
19,"IRIS 313-10237","IRIS","IND","XI-1B","Philippines","SEA",17.56,20379,NA,NA,NA,NA,NA,NA,NA,NA,NA,NA,NA
20,"IRIS 313-10260","IRIS","IND","XI-adm","Paraguay","AME",15.47,20669,NA,2,5,9,2.4,NA,2,2.1,2,4.60517018598809,1
21,"IRIS 313-10301","IRIS","IND","XI-adm","Brazil","AME",20.07,20364,NA,2,5,10,2.4,NA,2,2.1,1,4.40671924726425,1
22,"IRIS 313-10327","IRIS","JAP","GJ-trp","Peru","AME",15.21,22745,NA,NA,NA,NA,NA,NA,NA,NA,2,NA,NA
23,"IRIS 313-10332","IRIS","IND","XI-adm","Indonesia","SEA",15.5,20628,NA,2,3,8.5,2.6,NA,2,2.4,2,4.67282883446191,1
24,"IRIS 313-10333","IRIS","IND","XI-1B","Indonesia","SEA",22.32,19343,NA,2,3,7.7,2.8,NA,2,2.4,2,4.43081679884331,1
25,"IRIS 313-10337","IRIS","IND","XI-adm","Indonesia","SEA",24.67,19201,NA,2,7,8.4,2.9,NA,2,2.7,2,4.55387689160054,1
26,"IRIS 313-10352","IRIS","IND","XI-adm","Colombia","AME",19.13,19761,NA,2,3,9.1,2.5,NA,2,2.9,1,4.43081679884331,1
27,"IRIS 313-10392","IRIS","IND","XI-1B","Philippines","SEA",17.83,19140,NA,2,1,9.2,2.3,NA,2,2.2,2,4.7361984483945,1
28,"IRIS 313-10394","IRIS","IND","XI-adm","Philippines","SEA",16.38,19408,NA,2,7,8.7,2.9,NA,2,2.1,1,4.54329478227,1
29,"IRIS 313-10397","IRIS","IND","XI-1B","Colombia","AME",20.28,18510,NA,2,3,10,2.2,NA,2,2.2,1,4.34380542185368,1
30,"IRIS 313-10423","IRIS","IND","XI-adm","Myanmar","SEA",15.66,19459,NA,2,7,8.6,2.9,NA,2,3.4,2,4.46590811865458,1
31,"IRIS 313-10440","IRIS","JAP","GJ-tmp","Philippines","SEA",17.41,19146,NA,2,7,7.2,3.4,NA,2,2.4,1,4.52178857704904,1
32,"IRIS 313-10458","IRIS","IND","XI-1A","China","EAS",18.16,18079,2,2,5,7.8,3.2,3,2,2,1,4.24849524204936,1
33,"IRIS 313-10469","IRIS","JAP","GJ-tmp","Japan","EAS",16.09,19893,1,1,5,7.5,3.6,2,1,2.8,1,4.31748811353631,1
34,"IRIS 313-10477","IRIS","IND","XI-adm","China","EAS",16.04,14678,2,1,1,8.4,3,3,2,2.3,1,4.38202663467388,1
35,"IRIS 313-10503","IRIS","IND","XI-1A","China","EAS",20.38,17789,2,1,3,8.8,3,3,2,2.1,2,4.38202663467388,1
36,"IRIS 313-10509","IRIS","IND","XI-3","Africa","AFR",16.44,19480,2,1,1,8.1,2.6,4,2,1.4,2,4.89783979995091,1
37,"IRIS 313-10511","IRIS","IND","XI-3","Philippines","SEA",25.73,19804,NA,2,5,9.2,2.6,NA,2,2.7,1,4.84418708645859,1
38,"IRIS 313-10515","IRIS","IND","XI-1A","Taiwan","EAS",15.95,19545,2,2,1,7.4,3.1,3,2,2.2,1,4.46590811865458,1
39,"IRIS 313-10518","IRIS","IND","XI-adm","Myanmar","SEA",15.35,19599,2,2,1,8.5,3.8,5,2,2.8,1,4.75359019110636,1
40,"IRIS 313-10519","IRIS","IND","XI-2","India","SAS",16.86,19609,2,1,5,7.1,2.7,5,2,2.9,NA,5.01727983681492,1
41,"IRIS 313-10524","IRIS","IND","XI-3","na","na",20.21,19564,NA,NA,NA,NA,NA,NA,NA,NA,NA,NA,NA
42,"IRIS 313-10526","IRIS","IND","XI-2","India","SAS",20.34,19762,NA,NA,NA,NA,NA,NA,NA,NA,NA,NA,NA
43,"IRIS 313-10534","IRIS","AUS","cA","India","SAS",16.43,19659,1,2,5,8.1,3,3,2,2.3,2,4.24849524204936,1
44,"IRIS 313-10541","IRIS","JAP","GJ-trp","Guinea-Bissau","AFR",19.73,19675,2,2,3,9.6,2.7,3,2,2.4,2,4.4188406077966,1
45,"IRIS 313-10542","IRIS","IND","XI-2","India","SAS",17.82,14227,2,2,1,8,3.3,3,2,2.5,1,4.4188406077966,1
46,"IRIS 313-10544","IRIS","IND","XI-2","India","SAS",17.88,18474,2,2,1,7.8,3.2,3,2,2.4,2,4.24849524204936,1
47,"IRIS 313-10547","IRIS","IND","XI-adm","Myanmar","SEA",15.8,18172,2,1,1,8.7,3.5,4,2,2.9,1,4.94875989037817,1
48,"IRIS 313-10550","IRIS","IND","XI-adm","Indonesia","SEA",15.87,18252,2,2,5,9.7,2.8,4,2,2.7,NA,4.77068462446567,1
49,"IRIS 313-10560","IRIS","IND","XI-1A","China","EAS",16.61,18784,2,1,1,8.3,3.3,3,2,2.1,1,4.58496747867057,1
50,"IRIS 313-10561","IRIS","IND","XI-1A","China","EAS",15.2,18550,2,1,1,8.6,3.3,3,2,2.6,1,4.47733681447821,1
51,"IRIS 313-10563","IRIS","JAP","GJ-tmp","na","na",19.53,19959,1,1,5,9.5,3.4,2,1,3.2,2,4.39444915467244,1
52,"IRIS 313-10564","IRIS","JAP","GJ-tmp","Japan","EAS",18.35,20384,1,2,3,7.4,3.4,3,1,2.4,2,4.43081679884331,1
53,"IRIS 313-10570","IRIS","JAP","GJ-tmp","Japan","EAS",16.8,20394,1,1,5,7.5,3.5,2,1,2.6,1,4.53259949315326,1
54,"IRIS 313-10576","IRIS","IND","XI-2","Sierra_Leone","AFR",23.58,16929,2,1,1,10.3,3.1,4,2,3,1,4.77068462446567,1
55,"IRIS 313-10577","IRIS","JAP","GJ-trp","Philippines","SEA",28.97,18292,2,1,5,9.6,3.8,5,1,2.1,2,4.68213122712422,1
56,"IRIS 313-10578","IRIS","JAP","GJ-trp","Philippines","SEA",20.31,18478,NA,2,7,9,3.6,NA,2,2.9,1,4.69134788222914,1
57,"IRIS 313-10582","IRIS","JAP","GJ-trp","Philippines","SEA",29.61,18903,2,1,5,9.4,3.8,4,1,2.5,1,4.68213122712422,1
58,"IRIS 313-10602","IRIS","AUS","cA","Bangladesh","SAS",20.44,12484,2,1,1,8,3.4,3,2,2.4,2,4.51085950651685,1
59,"IRIS 313-10603","IRIS","AUS","cA","Bangladesh","SAS",27.48,17101,2,1,5,8.5,3.2,3,2,2.8,2,4.51085950651685,1
60,"IRIS 313-10605","IRIS","AUS","cA","Bangladesh","SAS",23.19,17545,2,1,1,8.1,3.2,3,2,2.5,1,4.51085950651685,1
61,"IRIS 313-10609","IRIS","IND","XI-adm","Sri_Lanka","SAS",30.6,18014,2,1,1,8.2,3.2,4,2,2.2,1,4.69134788222914,1
62,"IRIS 313-10614","IRIS","IND","XI-adm","Hong_Kong","EAS",23.77,13897,2,1,1,8.5,3.2,4,2,3.1,1,4.61512051684126,1
63,"IRIS 313-10617","IRIS","JAP","GJ-tmp","na","na",17.17,20326,1,1,5,7.9,3.7,2,1,2.4,1,4.47733681447821,1
64,"IRIS 313-10623","IRIS","AUS","cA","Nepal","SAS",15.94,18881,1,2,5,8.7,3,3,1,2.3,1,4.30406509320417,2
65,"IRIS 313-10628","IRIS","IND","XI-2","India","SAS",17.91,18985,2,2,5,8.9,2.6,4,1,2.1,1,4.84418708645859,2
66,"IRIS 313-10642","IRIS","JAP","GJ-tmp","Japan","EAS",22.99,16083,1,1,3,7.6,3.4,2,1,2.6,1,4.39444915467244,1
67,"IRIS 313-10652","IRIS","IND","XI-3","Laos","SEA",17.8,18716,2,2,3,9.6,2.9,4,1,2.6,1,4.46590811865458,2
68,"IRIS 313-10654","IRIS","IND","XI-3","Laos","SEA",15.59,18119,1,1,5,10.8,2.9,3,1,2.2,2,4.33073334028633,2
69,"IRIS 313-10657","IRIS","JAP","GJ-sbtrp","Laos","SEA",20.47,19972,2,2,5,8.7,3.2,4,1,3,NA,4.30406509320417,1
70,"IRIS 313-10664","IRIS","IND","XI-2","India","SAS",19.4,17257,1,2,1,8.2,2.7,3,1,2.1,2,4.57471097850338,1
71,"IRIS 313-10666","IRIS","IND","XI-adm","India","SAS",19.88,18923,1,2,3,9.8,2.9,3,1,1.5,2,4.57471097850338,1
72,"IRIS 313-10671","IRIS","AUS","XI-adm","India","SAS",15.31,17943,1,2,5,8.7,2.8,4,1,2,2,4.4188406077966,2
73,"IRIS 313-10675","IRIS","AUS","XI-adm","India","SAS",15.78,19565,1,2,5,8.7,2.8,3,1,2.7,2,4.33073334028633,2
74,"IRIS 313-10677","IRIS","JAP","GJ-tmp","Japan","EAS",16.49,21034,1,1,1,7.4,3.3,3,1,2.3,2,4.20469261939097,1
75,"IRIS 313-10682","IRIS","IND","XI-3","Laos","SEA",19.64,18631,2,1,1,8.6,3.7,3,1,2.7,1,4.71849887129509,1
76,"IRIS 313-10687","IRIS","IND","XI-3","Malaysia","SEA",21.39,18032,NA,NA,NA,NA,NA,NA,NA,NA,NA,NA,NA
77,"IRIS 313-10688","IRIS","IND","XI-3","Malaysia","SEA",15.86,18832,2,2,5,8.2,2.7,3,1,2.5,NA,4.96284463025991,1
78,"IRIS 313-10693","IRIS","JAP","GJ-trp","Indonesia","SEA",15.59,20347,2,1,7,8.9,3.3,3,1,3.6,2,4.71849887129509,1
79,"IRIS 313-10697","IRIS","IND","XI-3","Malaysia","SEA",17.13,19124,NA,NA,NA,NA,NA,NA,NA,NA,NA,NA,NA
80,"IRIS 313-10703","IRIS","JAP","GJ-trp","Malaysia","SEA",15.17,20629,2,1,5,9.2,3.1,3,1,2.8,2,4.51085950651685,1
81,"IRIS 313-10706","IRIS","IND","XI-3","Malaysia","SEA",22.26,19052,NA,NA,NA,NA,NA,NA,NA,NA,NA,NA,NA
82,"IRIS 313-10707","IRIS","IND","XI-3","Malaysia","SEA",15.09,19123,NA,NA,NA,NA,NA,NA,NA,NA,NA,NA,NA
83,"IRIS 313-10710","IRIS","JAP","GJ-trp","Surinam","AME",15.19,20708,2,2,3,8,3.4,3,1,2.9,2,4.51085950651685,1
84,"IRIS 313-10712","IRIS","JAP","GJ-trp","Ivory_Coast","AFR",15.45,15205,2,1,3,9.6,3.7,3,1,3.4,1,4.51085950651685,1
85,"IRIS 313-10718","IRIS","AUS","cA","Sri_Lanka","SAS",21.38,13531,1,2,3,7.3,2.9,3,1,2.2,2,4.34380542185368,2
86,"IRIS 313-10723","IRIS","IND","XI-2","Senegal","AFR",15.93,14012,2,2,3,8.1,2.8,4,1,2.4,2,4.77912349311153,1
87,"IRIS 313-10725","IRIS","IND","XI-adm","Senegal","AFR",24.25,19593,2,2,3,8.7,3.4,4,1,3.1,1,4.58496747867057,1
88,"IRIS 313-10726","IRIS","IND","XI-3","Senegal","AFR",22.42,19769,2,2,3,9.2,2.5,4,1,2.1,1,4.77912349311153,1
89,"IRIS 313-10727","IRIS","IND","XI-3","Senegal","AFR",20.35,14015,NA,NA,NA,NA,NA,NA,NA,NA,NA,NA,NA
90,"IRIS 313-10728","IRIS","IND","XI-adm","Senegal","AFR",16.53,19866,1,2,1,7.9,3.2,4,1,2.5,1,4.83628190695148,1
91,"IRIS 313-10733","IRIS","IND","XI-adm","Nepal","SAS",15.04,19688,1,2,5,9.6,3,3,1,2.2,2,4.51085950651685,2
92,"IRIS 313-10744","IRIS","JAP","GJ-trp","Indonesia","SEA",17.25,20459,1,1,5,6.9,3.2,3,1,2.3,1,4.74493212836325,1
93,"IRIS 313-10748","IRIS","IND","XI-adm","Vietnam","SEA",19.41,19724,1,2,5,8.6,2.6,3,1,2,1,4.23410650459726,1
94,"IRIS 313-10756","IRIS","IND","XI-2","India","SAS",15.28,20000,1,2,1,7.6,2.9,2,1,2.1,1,4.29045944114839,1
95,"IRIS 313-10762","IRIS","IND","XI-3","Indonesia","SEA",20.14,19472,2,2,7,8.4,3,3,1,2.9,2,4.70953020131233,1
96,"IRIS 313-10771","IRIS","ADM","GJ-trp","Indonesia","SEA",15.33,19299,NA,NA,NA,NA,NA,NA,NA,NA,NA,NA,NA
97,"IRIS 313-10774","IRIS","IND","XI-adm","Indonesia","SEA",17.72,19122,2,2,3,9.5,3,3,1,2.6,2,4.70953020131233,1
98,"IRIS 313-10778","IRIS","IND","XI-3","Indonesia","SEA",18.56,18641,NA,NA,NA,NA,NA,NA,NA,NA,NA,NA,NA
99,"IRIS 313-10779","IRIS","IND","XI-3","Indonesia","SEA",16.07,18681,1,2,5,9.5,2.3,3,1,2.3,2,4.74493212836325,2
100,"IRIS 313-10786","IRIS","ADM","XI-3","Indonesia","SEA",16.36,13694,NA,NA,NA,NA,NA,NA,NA,NA,NA,NA,NA
101,"IRIS 313-10787","IRIS","ADM","XI-3","Indonesia","SEA",17.23,17517,NA,NA,NA,NA,NA,NA,NA,NA,NA,NA,NA
102,"IRIS 313-10789","IRIS","JAP","GJ-trp","Indonesia","SEA",15.2,20004,1,2,7,9.6,3.1,4,1,3.4,1,4.66343909411207,1
103,"IRIS 313-10793","IRIS","JAP","GJ-trp","Indonesia","SEA",22.02,19878,2,2,5,7.8,3.6,4,1,2.5,2,4.38202663467388,1
104,"IRIS 313-10794","IRIS","JAP","GJ-trp","Indonesia","SEA",15.56,19741,2,1,5,8.6,3,4,1,2.1,2,4.47733681447821,1
105,"IRIS 313-10797","IRIS","IND","XI-3","Indonesia","SEA",15.58,18910,2,2,5,9.8,2.7,4,1,2.7,1,4.74493212836325,2
106,"IRIS 313-10798","IRIS","JAP","GJ-trp","Indonesia","SEA",19.82,20063,1,1,5,6.9,3.5,3,1,2.2,NA,4.38202663467388,1
107,"IRIS 313-10802","IRIS","JAP","GJ-trp","Indonesia","SEA",16.02,18740,NA,NA,NA,NA,NA,NA,NA,NA,NA,NA,NA
108,"IRIS 313-10805","IRIS","JAP","GJ-trp","Indonesia","SEA",15.16,20763,2,1,5,8.3,3.4,3,1,2.6,2,4.59511985013459,1
109,"IRIS 313-10806","IRIS","IND","XI-3","Indonesia","SEA",15.33,19574,1,2,5,8.9,2.8,3,1,2.2,NA,4.78749174278205,1
110,"IRIS 313-10810","IRIS","IND","XI-3","Indonesia","SEA",16.31,20132,2,2,5,9.6,3.3,4,1,2.7,NA,4.66343909411207,1
111,"IRIS 313-10813","IRIS","IND","XI-3","Indonesia","SEA",18.65,20042,NA,NA,NA,NA,NA,NA,NA,NA,NA,NA,NA
112,"IRIS 313-10814","IRIS","IND","XI-3","Indonesia","SEA",22.69,19966,2,1,3,9.6,2.6,4,1,2.3,1,4.74493212836325,1
113,"IRIS 313-10816","IRIS","JAP","GJ-trp","Indonesia","SEA",16.11,20588,1,2,5,8.5,3.6,3,1,2.8,1,4.78749174278205,1
114,"IRIS 313-10820","IRIS","IND","XI-3","Indonesia","SEA",15.16,19854,2,2,3,8.5,3.1,3,1,2.6,2,4.66343909411207,1
115,"IRIS 313-10822","IRIS","IND","XI-3","Indonesia","SEA",15.62,20306,2,2,5,6.6,3.2,4,1,2,1,4.78749174278205,1
116,"IRIS 313-10824","IRIS","IND","XI-3","Indonesia","SEA",18.28,18567,2,2,5,9.3,2.7,4,1,2.6,2,4.68213122712422,1
117,"IRIS 313-10825","IRIS","IND","XI-adm","na","na",20.02,17952,2,2,5,8.2,3,4,1,2.6,1,4.68213122712422,2
118,"IRIS 313-10827","IRIS","JAP","GJ-trp","Philippines","SEA",16.19,19524,1,2,5,8.7,2.9,3,1,2.2,2,4.34380542185368,1
119,"IRIS 313-10834","IRIS","JAP","GJ-sbtrp","India","SAS",16.71,20059,1,2,5,8.9,3.2,2,2,2.4,2,4.30406509320417,1
120,"IRIS 313-10835","IRIS","IND","XI-2","India","SAS",15.93,18162,1,2,3,8.3,3,4,1,2.2,1,4.24849524204936,2
121,"IRIS 313-10840","IRIS","JAP","GJ-tmp","South_Korea","EAS",17.73,20478,1,2,5,6.6,3.3,2,1,2.4,2,4.0943445622221,2
122,"IRIS 313-10845","IRIS","AUS","cA","India","SAS",15.82,19076,1,2,5,8.4,3,3,1,2.4,2,4.77068462446567,2
123,"IRIS 313-10847","IRIS","IND","XI-adm","India","SAS",20.85,19020,2,2,1,8.4,3.4,4,1,2.8,1,4.86753445045558,1
124,"IRIS 313-10850","IRIS","ADM","admix","India","SAS",30.71,17500,2,1,7,8.4,3.8,4,1,2.8,2,4.39444915467244,1
125,"IRIS 313-10851","IRIS","ARO","cB","India","SAS",24.71,18746,2,2,3,8.4,3,3,1,2.3,NA,4.86753445045558,1
126,"IRIS 313-10852","IRIS","AUS","cA","India","SAS",33.71,18978,2,2,1,7.2,3.5,3,1,2.1,2,4.12713438504509,1
127,"IRIS 313-10857","IRIS","AUS","admix","India","SAS",30.42,18334,1,2,1,10.3,2,3,1,2.5,1,4.45434729625351,2
128,"IRIS 313-10858","IRIS","AUS","XI-adm","India","SAS",38.14,18966,1,2,3,9.1,2.9,4,1,2.1,1,4.45434729625351,1
129,"IRIS 313-10859","IRIS","AUS","XI-adm","India","SAS",22.48,18807,2,2,NA,7.6,2.4,3,1,1.6,2,4.39444915467244,2
130,"IRIS 313-10861","IRIS","AUS","cA","India","SAS",28.32,19006,2,2,5,8.1,3.3,3,1,2.4,2,4.21950770517611,1
131,"IRIS 313-10863","IRIS","IND","XI-2","India","SAS",31.61,18791,2,2,5,8.7,3.1,4,1,2.6,2,4.83628190695148,1
132,"IRIS 313-10870","IRIS","JAP","GJ-sbtrp","India","SAS",27.32,19616,2,1,5,5.7,3.1,4,1,1.7,1,4.39444915467244,1
133,"IRIS 313-10871","IRIS","AUS","cA","India","SAS",24.49,18388,2,2,3,8.3,3.2,4,1,2.1,2,4.24849524204936,2
134,"IRIS 313-10872","IRIS","ADM","GJ-adm","India","SAS",28.59,19025,1,2,7,9.3,3.1,3,1,2.6,2,4.34380542185368,1
135,"IRIS 313-10883","IRIS","ARO","admix","India","SAS",17.09,18696,1,2,5,10.8,2.9,3,1,2.7,2,4.45434729625351,1
136,"IRIS 313-10888","IRIS","JAP","GJ-sbtrp","India","SAS",15.33,18938,1,1,7,10.1,3.3,3,1,2.6,2,4.24849524204936,1
137,"IRIS 313-10889","IRIS","JAP","GJ-sbtrp","India","SAS",16.02,18966,NA,NA,NA,NA,NA,NA,NA,NA,NA,NA,NA
138,"IRIS 313-10891","IRIS","AUS","cA","India","SAS",17.26,18260,2,2,5,7.7,2.8,4,1,1.6,2,4.39444915467244,2
139,"IRIS 313-10892","IRIS","AUS","cA","India","SAS",27.38,16127,1,2,3,7.4,2.7,3,1,1.5,2,4.24849524204936,1
140,"IRIS 313-10894","IRIS","AUS","admix","India","SAS",20.01,18528,2,2,3,9.2,3.1,5,1,2.6,2,4.39444915467244,1
141,"IRIS 313-10895","IRIS","JAP","GJ-sbtrp","India","SAS",16.96,18953,2,2,5,6.7,2.5,4,1,1.2,2,4.39444915467244,2
142,"IRIS 313-10900","IRIS","IND","XI-3","Cambodia","SEA",16,19019,2,2,5,8.6,3.1,4,1,2.3,2,4.93447393313069,2
143,"IRIS 313-10912","IRIS","IND","XI-3","Cambodia","SEA",16.87,18874,NA,NA,NA,NA,NA,NA,NA,NA,NA,NA,NA
144,"IRIS 313-10916","IRIS","JAP","GJ-tmp","Cambodia","SEA",17.76,20449,NA,NA,NA,NA,NA,NA,NA,NA,NA,NA,NA
145,"IRIS 313-10918","IRIS","ADM","GJ-trp","Philippines","SEA",29.77,19102,2,1,5,8.7,3.9,3,2,2.8,NA,4.77068462446567,1
146,"IRIS 313-10921","IRIS","IND","XI-adm","Laos","SEA",15.2,18945,2,1,3,9,3.1,3,2,2.7,2,4.43081679884331,1
147,"IRIS 313-10922","IRIS","JAP","GJ-sbtrp","Laos","SEA",15.6,20364,2,1,5,9.9,3.9,3,2,3.9,1,4.67282883446191,1
148,"IRIS 313-10923","IRIS","JAP","GJ-sbtrp","Thailand","SEA",19,19948,2,1,3,9.8,3.6,3,1,3.2,1,4.66343909411207,1
149,"IRIS 313-10927","IRIS","AUS","cA","Nepal","SAS",18.62,18523,2,2,3,8.8,3.4,4,1,2.4,1,4.55387689160054,2
150,"IRIS 313-10928","IRIS","IND","XI-3","Thailand","SEA",16.3,19199,1,2,5,9.6,2.5,3,1,2.4,2,4.20469261939097,1
151,"IRIS 313-10930","IRIS","AUS","cA","Bangladesh","SAS",15.95,18971,2,2,3,7.5,3.2,2,1,2.8,1,4.38202663467388,2
152,"IRIS 313-10936","IRIS","JAP","GJ-trp","Indonesia","SEA",15.22,19522,2,2,5,9.9,2.8,4,1,2.3,2,4.74493212836325,1
153,"IRIS 313-10937","IRIS","IND","XI-3","Indonesia","SEA",17.97,18896,2,2,3,7.8,3.4,4,1,2.5,NA,4.96284463025991,1
154,"IRIS 313-10938","IRIS","IND","XI-3","Indonesia","SEA",18.16,18745,NA,NA,NA,NA,NA,NA,NA,NA,NA,NA,NA
155,"IRIS 313-10941","IRIS","IND","XI-adm","Indonesia","SEA",21.18,19054,2,2,5,9.9,2.9,3,1,2,1,4.68213122712422,1
156,"IRIS 313-10942","IRIS","IND","XI-3","Indonesia","SEA",17.33,18941,1,1,1,8.9,2.9,3,1,2.3,1,4.78749174278205,1
157,"IRIS 313-10944","IRIS","IND","XI-3","Indonesia","SEA",18.29,18375,2,2,3,8.8,3.1,4,1,1.9,1,4.89783979995091,1
158,"IRIS 313-10948","IRIS","ADM","admix","Indonesia","SEA",16.81,16901,2,1,7,8.5,2.7,5,2,2.3,2,4.71849887129509,1
159,"IRIS 313-10949","IRIS","JAP","GJ-trp","Indonesia","SEA",16.36,19355,2,1,3,7.7,3.7,4,1,2.9,1,4.53259949315326,1
160,"IRIS 313-10954","IRIS","IND","XI-3","Indonesia","SEA",20.89,18852,2,2,5,8.4,3.2,4,1,3,1,4.74493212836325,1
161,"IRIS 313-10960","IRIS","JAP","GJ-trp","Indonesia","SEA",18.16,19570,2,2,5,8.9,2.7,4,1,2.3,2,4.63472898822964,1
162,"IRIS 313-10961","IRIS","IND","XI-3","Indonesia","SEA",15.91,18979,NA,NA,NA,NA,NA,NA,NA,NA,NA,NA,NA
163,"IRIS 313-10965","IRIS","AUS","cA","Bangladesh","SAS",16.48,19028,1,2,5,8.7,2.6,4,1,2.2,1,4.21950770517611,1
164,"IRIS 313-10968","IRIS","IND","XI-1A","Brazil","AME",20.24,18743,1,2,3,8.2,3.1,3,1,2.5,2,4.21950770517611,1
165,"IRIS 313-10975","IRIS","IND","XI-2","Bangladesh","SAS",29.44,18585,NA,NA,NA,NA,NA,NA,NA,NA,NA,NA,NA
166,"IRIS 313-10980","IRIS","IND","admix","Bangladesh","SAS",16.56,18246,2,2,3,8.5,3,3,1,2.9,2,4.39444915467244,2
167,"IRIS 313-10984","IRIS","IND","XI-2","Bangladesh","SAS",16.03,18833,1,2,3,8.6,3.4,4,1,3,2,4.49980967033027,1
168,"IRIS 313-10986","IRIS","IND","XI-2","Bangladesh","SAS",29.17,15962,1,2,5,8.2,3.3,4,1,2.3,2,4.49980967033027,2
169,"IRIS 313-10988","IRIS","IND","XI-adm","India","SAS",15.89,18283,1,2,5,9.1,2.9,2,1,2.4,1,4.34380542185368,2
170,"IRIS 313-10990","IRIS","IND","XI-adm","Philippines","SEA",16.44,16976,2,2,5,7.5,3.5,4,1,2.6,2,4.44265125649032,1
171,"IRIS 313-10994","IRIS","JAP","GJ-trp","Philippines","SEA",17.9,17759,1,2,5,8.9,3.3,4,1,2.6,NA,4.56434819146784,1
172,"IRIS 313-10995","IRIS","IND","XI-3","Indonesia","SEA",16,17317,1,2,5,7.8,3.1,4,1,2.6,1,4.76217393479776,2
173,"IRIS 313-10997","IRIS","IND","XI-3","Indonesia","SEA",15.23,17401,1,2,5,9,2.9,4,1,2,1,4.70048036579242,2
174,"IRIS 313-10999","IRIS","JAP","GJ-trp","Indonesia","SEA",18.41,17660,2,2,5,9.5,3,3,1,2.8,1,4.21950770517611,1
175,"IRIS 313-11005","IRIS","JAP","GJ-trp","Indonesia","SEA",15.41,18032,2,2,5,9,3.4,4,1,2.6,1,4.70048036579242,2
176,"IRIS 313-11007","IRIS","JAP","GJ-trp","Indonesia","SEA",15,18306,2,2,5,8.3,3.5,4,1,2.7,1,4.70048036579242,1
177,"IRIS 313-11016","IRIS","AUS","cA","Bangladesh","SAS",17.38,19240,1,2,5,8.1,2.7,3,2,1.9,2,4.40671924726425,1
178,"IRIS 313-11024","IRIS","AUS","cA","Pakistan","SAS",17.6,19260,2,2,3,9.9,3,3,1,3,2,4.35670882668959,1
179,"IRIS 313-11027","IRIS","AUS","cA","Pakistan","SAS",21.52,14221,1,1,1,7.3,2,3,2,1.2,2,4.35670882668959,2
180,"IRIS 313-11032","IRIS","ARO","cB","Pakistan","SAS",16,19896,2,2,3,9.6,2.4,3,2,2.4,1,4.57471097850338,2
181,"IRIS 313-11033","IRIS","IND","admix","Pakistan","SAS",25.02,17672,1,2,5,9.6,3,4,1,2.7,NA,4.35670882668959,2
182,"IRIS 313-11034","IRIS","AUS","cA","Pakistan","SAS",16.41,19619,1,2,1,8.7,2.5,3,1,1.8,1,4.27666611901606,2
183,"IRIS 313-11035","IRIS","AUS","admix","Pakistan","SAS",20.12,19129,1,2,5,10,2.1,4,1,1.2,1,4.43081679884331,1
184,"IRIS 313-11037","IRIS","AUS","cA","Pakistan","SAS",22.68,18765,1,2,5,8,2.8,2,1,2.1,1,4.35670882668959,1
185,"IRIS 313-11038","IRIS","IND","XI-1A","China","EAS",20.92,18591,1,1,1,9,3.2,2,1,2.6,1,4.12713438504509,1
186,"IRIS 313-11039","IRIS","IND","XI-1A","China","EAS",31.62,18401,1,1,1,7.2,3.2,2,2,2.5,1,4.24849524204936,1
187,"IRIS 313-11040","IRIS","IND","XI-adm","India","SAS",20.69,18343,NA,NA,NA,NA,NA,NA,NA,NA,NA,NA,NA
188,"IRIS 313-11042","IRIS","IND","XI-adm","India","SAS",19.58,18575,NA,NA,NA,NA,NA,NA,NA,NA,NA,NA,NA
189,"IRIS 313-11043","IRIS","IND","XI-3","Malaysia","SEA",19.68,18712,NA,NA,NA,NA,NA,NA,NA,NA,NA,NA,NA
190,"IRIS 313-11044","IRIS","JAP","GJ-trp","Malaysia","SEA",24.14,19643,1,2,3,8.2,3.7,4,1,2.9,1,4.70048036579242,2
191,"IRIS 313-11045","IRIS","JAP","GJ-trp","Malaysia","SEA",22.7,19366,2,2,5,8.3,3.6,4,1,2.7,2,4.70048036579242,2
192,"IRIS 313-11046","IRIS","JAP","GJ-trp","Malaysia","SEA",28.5,20588,NA,NA,NA,NA,NA,NA,NA,NA,NA,NA,NA
193,"IRIS 313-11047","IRIS","AUS","cA","Bangladesh","SAS",24.27,19335,1,2,3,7.7,3.1,3,1,2.1,1,4.21950770517611,2
194,"IRIS 313-11048","IRIS","AUS","cA","Bangladesh","SAS",24,19074,2,2,3,8.7,3.2,3,1,3,1,4.21950770517611,1
195,"IRIS 313-11049","IRIS","AUS","cA","Bangladesh","SAS",16.19,19505,2,2,3,8.2,3,3,1,2.4,2,4.12713438504509,2
196,"IRIS 313-11050","IRIS","AUS","cA","Bangladesh","SAS",24.14,19536,1,2,5,8.2,3,3,1,2.5,2,4.21950770517611,2
197,"IRIS 313-11051","IRIS","AUS","cA","Bangladesh","SAS",24.3,19755,1,2,3,8.2,3,3,1,2.3,2,4.21950770517611,1
198,"IRIS 313-11052","IRIS","AUS","cA","Bangladesh","SAS",29.63,18667,1,2,3,7.5,3.2,3,1,2.3,2,4.21950770517611,2
199,"IRIS 313-11053","IRIS","AUS","cA","Bangladesh","SAS",30.03,19588,2,2,3,7.9,3.4,3,1,2.7,2,4.21950770517611,1
200,"IRIS 313-11054","IRIS","AUS","cA","Bangladesh","SAS",19.82,19645,1,2,3,8.1,3.2,3,1,2.7,2,4.21950770517611,2
201,"IRIS 313-11055","IRIS","AUS","cA","Bangladesh","SAS",20.12,19582,1,2,1,7.5,3.3,4,1,2.4,1,4.21950770517611,2
202,"IRIS 313-11056","IRIS","AUS","cA","Bangladesh","SAS",22.81,19342,1,2,1,9.6,3.2,3,1,2.7,2,4.21950770517611,1
203,"IRIS 313-11057","IRIS","AUS","cA","Bangladesh","SAS",27.12,19810,1,2,5,8.2,3.1,3,1,2.5,2,4.12713438504509,2
204,"IRIS 313-11058","IRIS","AUS","cA","Bangladesh","SAS",31.48,19375,2,2,3,8.6,3.2,3,1,2.6,2,4.27666611901606,2
205,"IRIS 313-11059","IRIS","AUS","cA","Bangladesh","SAS",15.45,17297,1,2,5,9,3.3,3,1,3,2,4.21950770517611,1
206,"IRIS 313-11062","IRIS","ARO","cB","Bangladesh","SAS",20.64,19091,1,2,5,5.7,2.9,3,1,1.4,2,4.21950770517611,2
207,"IRIS 313-11063","IRIS","AUS","cA","Bangladesh","SAS",18.74,17982,1,2,5,7.9,2.9,3,1,2.3,NA,4.21950770517611,2
208,"IRIS 313-11064","IRIS","AUS","cA","Bangladesh","SAS",26.7,18101,1,2,5,7.8,3,2,1,2.1,1,4.12713438504509,1
209,"IRIS 313-11066","IRIS","ARO","admix","Bangladesh","SAS",23.45,18118,1,2,5,7.3,3.4,3,1,2.5,1,4.12713438504509,1
210,"IRIS 313-11079","IRIS","IND","XI-3","Laos","SEA",21.09,17669,1,2,5,9.7,3.1,3,1,3,1,4.71849887129509,2
211,"IRIS 313-11081","IRIS","IND","XI-3","Laos","SEA",17.28,18249,2,2,5,10.4,3.7,4,1,3.7,1,4.77912349311153,2
212,"IRIS 313-11083","IRIS","IND","XI-3","Laos","SEA",31.22,18792,2,2,5,8.4,3.5,4,2,2.8,1,4.77912349311153,2
213,"IRIS 313-11085","IRIS","IND","XI-adm","Laos","SEA",28.42,17860,2,2,5,9.8,3.5,3,1,2.2,1,4.23410650459726,2
214,"IRIS 313-11089","IRIS","IND","XI-3","Cambodia","SEA",30.77,18203,1,2,1,9.7,3,3,1,1.8,2,4.44265125649032,2
215,"IRIS 313-11094","IRIS","JAP","GJ-sbtrp","Laos","SEA",24.35,19478,2,2,7,11.1,4.1,3,1,3.6,1,4.43081679884331,2
216,"IRIS 313-11095","IRIS","IND","XI-3","Laos","SEA",24.24,17034,2,2,5,8.5,3.6,4,1,3.1,1,4.65396035015752,2
217,"IRIS 313-11097","IRIS","IND","XI-adm","Philippines","SEA",31.11,17817,2,2,5,7.4,3.3,3,1,1.7,2,4.44265125649032,2
218,"IRIS 313-11098","IRIS","IND","XI-3","Sierra_Leone","AFR",41.1,17683,1,1,5,9.2,3,3,1,1.6,NA,4.78749174278205,1
219,"IRIS 313-11102","IRIS","JAP","GJ-trp","Liberia","AFR",33.5,19335,NA,NA,NA,NA,NA,NA,NA,NA,NA,NA,NA
220,"IRIS 313-11103","IRIS","JAP","GJ-trp","Liberia","AFR",28.21,18700,2,2,5,9.8,3.6,3,1,3.2,2,4.44265125649032,1
221,"IRIS 313-11104","IRIS","JAP","GJ-trp","Liberia","AFR",22.74,18779,1,2,5,9.3,3.4,3,1,2.8,2,4.44265125649032,1
222,"IRIS 313-11112","IRIS","AUS","cA","Bangladesh","SAS",26.53,17612,2,2,1,9,3.6,3,1,2.8,2,4.44265125649032,2
223,"IRIS 313-11113","IRIS","IND","XI-2","Bangladesh","SAS",28.16,18137,2,2,5,9.3,3.4,4,1,2.8,1,4.63472898822964,1
224,"IRIS 313-11118","IRIS","IND","XI-3","Vietnam","SEA",27.98,18332,2,1,5,8,3,3,1,1.7,NA,5.13579843705026,2
225,"IRIS 313-11129","IRIS","IND","XI-adm","Myanmar","SEA",19.51,13996,1,2,1,8.2,2.9,3,1,2.1,2,4.64439089914137,1
226,"IRIS 313-11151","IRIS","IND","XI-3","Myanmar","SEA",27.1,17761,2,2,1,8.7,3,4,1,2.6,NA,4.58496747867057,1
227,"IRIS 313-11160","IRIS","IND","XI-3","Liberia","AFR",16.47,13987,1,1,5,9.9,2.8,3,1,2.2,2,4.58496747867057,1
228,"IRIS 313-11189","IRIS","ARO","admix","Soviet_Union","EUR",19.27,19068,2,2,3,9.8,3.6,3,1,2.8,1,4.20469261939097,1
229,"IRIS 313-11191","IRIS","AUS","cA","Sri_Lanka","SAS",28.57,17768,2,2,3,6.3,2.8,3,1,1.4,1,4.34380542185368,2
230,"IRIS 313-11194","IRIS","IND","XI-3","Thailand","SEA",15.1,18857,2,2,5,10.4,3.1,4,1,2.5,NA,4.95582705760126,2
231,"IRIS 313-11202","IRIS","JAP","GJ-tmp","China","EAS",24.17,19266,1,1,3,8,3.7,2,1,2.9,1,4.38202663467388,1
232,"IRIS 313-11205","IRIS","IND","XI-2","Bangladesh","SAS",26.49,17515,2,2,3,8.9,3.2,4,2,3,1,4.98360662170834,1
233,"IRIS 313-11221","IRIS","IND","XI-2","Bangladesh","SAS",15.44,19222,2,1,5,9.3,2.8,4,1,2.7,2,4.7361984483945,2
234,"IRIS 313-11224","IRIS","IND","XI-2","Bangladesh","SAS",20.28,18667,2,2,5,10.1,2.6,4,2,2.2,1,4.85203026391962,2
235,"IRIS 313-11226","IRIS","IND","XI-2","Bangladesh","SAS",16.09,12402,2,2,3,9.4,3,4,1,2.4,1,4.86753445045558,1
236,"IRIS 313-11228","IRIS","IND","XI-2","Bangladesh","SAS",17.16,18616,2,2,5,9.7,2.9,3,1,2.5,2,4.85203026391962,2
237,"IRIS 313-11229","IRIS","IND","XI-2","Bangladesh","SAS",24.96,19210,1,1,1,8.8,3.1,4,1,2.4,1,4.70048036579242,2
238,"IRIS 313-11231","IRIS","IND","XI-2","Bangladesh","SAS",15.07,18783,2,2,5,9.4,3.2,4,1,2.6,NA,4.85203026391962,2
239,"IRIS 313-11234","IRIS","IND","XI-adm","Philippines","SEA",30.49,18089,2,1,5,10.4,2.9,3,1,2.3,1,4.57471097850338,1
240,"IRIS 313-11238","IRIS","JAP","GJ-trp","Brazil","AME",21.73,18078,NA,NA,NA,NA,NA,NA,NA,NA,NA,NA,NA
241,"IRIS 313-11239","IRIS","IND","XI-adm","Indonesia","SEA",31.89,17618,1,1,5,10.3,2.9,3,1,2.5,1,4.54329478227,2
242,"IRIS 313-11240","IRIS","IND","XI-adm","India","SAS",22.04,15142,1,1,1,9,2.9,2,1,2.2,1,4.40671924726425,2
243,"IRIS 313-11241","IRIS","IND","XI-2","Bangladesh","SAS",31.07,17573,2,2,3,8.4,2.7,4,1,1.7,2,4.81218435537242,2
244,"IRIS 313-11242","IRIS","IND","XI-2","India","SAS",32.2,17185,1,1,3,8.6,2.8,4,1,1.9,2,4.78749174278205,1
245,"IRIS 313-11244","IRIS","IND","XI-adm","India","SAS",27.77,17789,NA,NA,NA,NA,NA,NA,NA,NA,NA,NA,NA
246,"IRIS 313-11245","IRIS","IND","XI-adm","India","SAS",27.75,17729,1,1,1,9.2,2.7,3,2,1.9,1,4.35670882668959,2
247,"IRIS 313-11247","IRIS","IND","XI-adm","India","SAS",27.87,18240,1,1,1,9.3,3,3,2,2.5,1,4.24849524204936,1
248,"IRIS 313-11249","IRIS","IND","XI-adm","Philippines","SEA",16.22,17886,1,1,1,9.7,2.6,3,2,2.4,1,4.66343909411207,2
249,"IRIS 313-11251","IRIS","IND","XI-1B","Philippines","SEA",26.82,17568,1,1,1,8.4,3.1,3,2,2.5,2,4.66343909411207,2
250,"IRIS 313-11252","IRIS","IND","XI-adm","India","SAS",20.29,18789,NA,NA,NA,NA,NA,NA,NA,NA,NA,NA,NA
251,"IRIS 313-11253","IRIS","IND","XI-adm","Surinam","AME",25.02,17937,NA,NA,NA,NA,NA,NA,NA,NA,NA,NA,NA
252,"IRIS 313-11256","IRIS","IND","XI-adm","India","SAS",24.78,17369,2,1,5,8.8,2.9,3,2,3,1,4.7361984483945,1
253,"IRIS 313-11257","IRIS","ADM","XI-adm","India","SAS",33.01,17214,2,1,5,9,3,4,1,2.9,1,4.66343909411207,2
254,"IRIS 313-11258","IRIS","ARO","cB","India","SAS",30.1,18118,NA,2,5,5.5,2.3,NA,2,1,2,4.67282883446191,1
255,"IRIS 313-11260","IRIS","IND","XI-adm","India","SAS",32,16718,1,2,5,8.7,2.9,3,2,2.3,1,4.52178857704904,1
256,"IRIS 313-11262","IRIS","IND","XI-adm","India","SAS",19.87,16586,1,1,3,7.8,3.4,3,1,2.2,1,4.69134788222914,1
257,"IRIS 313-11263","IRIS","ADM","XI-adm","India","SAS",29.37,17312,2,1,5,8.4,3.4,4,1,2.9,1,4.78749174278205,1
258,"IRIS 313-11264","IRIS","IND","XI-adm","India","SAS",18.85,16887,1,1,3,9.4,2.5,3,1,2.1,2,4.68213122712422,2
259,"IRIS 313-11265","IRIS","AUS","cA","India","SAS",24.7,17558,1,1,5,7.2,3.4,3,2,2.1,2,4.4188406077966,1
260,"IRIS 313-11266","IRIS","IND","XI-adm","India","SAS",28.89,18428,2,1,1,7.4,3.3,4,1,2.4,1,4.69134788222914,2
261,"IRIS 313-11267","IRIS","IND","XI-2","India","SAS",29.54,18140,2,1,3,8.4,2.1,3,2,1.4,2,4.64439089914137,2
262,"IRIS 313-11269","IRIS","IND","XI-adm","India","SAS",26.23,16299,2,1,5,8.3,3.8,4,1,2.7,1,4.70048036579242,2
263,"IRIS 313-11270","IRIS","ARO","cB","India","SAS",21.1,18015,2,1,7,8,3.2,3,1,2,2,4.7361984483945,2
264,"IRIS 313-11271","IRIS","IND","XI-2","India","SAS",16.2,18824,2,1,5,8.3,3.1,3,1,2.3,NA,4.82028156560504,2
265,"IRIS 313-11273","IRIS","IND","XI-adm","India","SAS",35.36,18008,2,2,5,8.8,3.1,4,2,2.6,1,4.69134788222914,1
266,"IRIS 313-11274","IRIS","AUS","cA","India","SAS",16.87,18078,2,2,3,7.5,2.7,3,2,1.8,2,4.4188406077966,1
267,"IRIS 313-11275","IRIS","IND","XI-adm","India","SAS",18.72,18793,1,2,5,8.3,3.1,3,2,2.3,2,4.4188406077966,2
268,"IRIS 313-11277","IRIS","AUS","cA","India","SAS",25.93,18874,1,1,3,8.5,3,3,1,2.8,2,4.60517018598809,2
269,"IRIS 313-11278","IRIS","IND","XI-adm","India","SAS",23.54,17835,NA,NA,NA,NA,NA,NA,NA,NA,NA,NA,NA
270,"IRIS 313-11279","IRIS","IND","XI-adm","India","SAS",32.7,18261,1,2,5,9.2,3.2,3,2,2.6,1,4.56434819146784,2
271,"IRIS 313-11280","IRIS","IND","XI-adm","India","SAS",17.52,18941,2,2,5,11,2.9,3,1,3,NA,4.68213122712422,1
272,"IRIS 313-11281","IRIS","IND","XI-1A","India","SAS",16.51,17301,2,2,3,8.8,2.8,3,1,2.1,1,4.35670882668959,2
273,"IRIS 313-11285","IRIS","IND","XI-2","India","SAS",18.33,18830,NA,NA,NA,NA,NA,NA,NA,NA,NA,NA,NA
274,"IRIS 313-11286","IRIS","IND","XI-adm","India","SAS",16.19,20052,2,1,5,8.8,3.3,4,1,2.2,NA,4.76217393479776,1
275,"IRIS 313-11287","IRIS","IND","XI-adm","India","SAS",15.08,19855,2,2,1,9.6,2.9,4,1,2.5,2,4.62497281328427,2
276,"IRIS 313-11289","IRIS","ARO","cB","India","SAS",25.09,19050,2,1,3,8.6,3.8,5,1,2.8,1,4.69134788222914,2
277,"IRIS 313-11295","IRIS","AUS","admix","India","SAS",25.47,18548,1,2,3,8.5,3.1,3,1,2.3,2,4.60517018598809,2
278,"IRIS 313-11297","IRIS","ADM","admix","India","SAS",15.97,20536,1,1,3,7,3.8,3,2,2.3,2,4.57471097850338,2
279,"IRIS 313-11298","IRIS","AUS","cA","India","SAS",30.42,18834,2,1,5,7.1,3.2,3,2,1.9,2,4.4188406077966,1
280,"IRIS 313-11301","IRIS","IND","XI-2","India","SAS",17.51,19205,1,1,7,8.1,2.6,4,1,1.8,1,4.68213122712422,2
281,"IRIS 313-11302","IRIS","IND","XI-adm","India","SAS",18.25,19780,2,1,3,9,3.1,4,2,1.3,2,4.78749174278205,1
282,"IRIS 313-11303","IRIS","IND","XI-adm","India","SAS",17.11,18292,2,1,5,8.3,2.9,3,2,2.2,1,4.76217393479776,2
283,"IRIS 313-11316","IRIS","IND","XI-3","Indonesia","SEA",16.25,19825,2,2,5,6.7,2.9,4,1,1.6,NA,4.9416424226093,1
284,"IRIS 313-11321","IRIS","IND","XI-2","Bangladesh","SAS",15.61,20056,2,1,7,7.8,2.6,3,1,1.8,2,4.76217393479776,1
285,"IRIS 313-11324","IRIS","AUS","cA","Bangladesh","SAS",15.81,19920,NA,2,3,7.6,3.2,NA,2,2.7,1,4.30406509320417,1
286,"IRIS 313-11338","IRIS","IND","XI-adm","Philippines","SEA",22.08,18093,2,1,5,9.1,3.8,4,1,3.7,1,4.56434819146784,1
287,"IRIS 313-11345","IRIS","IND","XI-adm","Philippines","SEA",22.8,18017,1,1,5,8.6,3,4,2,2.4,1,4.45434729625351,2
288,"IRIS 313-11350","IRIS","ARO","cB","India","SAS",16.12,20610,1,1,5,6.8,2.9,4,1,1.7,2,4.66343909411207,2
289,"IRIS 313-11351","IRIS","IND","XI-2","India","SAS",18.94,20468,1,1,3,9.4,2.7,3,1,2.2,2,4.70953020131233,2
290,"IRIS 313-11358","IRIS","IND","XI-2","India","SAS",15.18,19044,1,2,7,7.8,2.2,3,1,1.8,2,4.60517018598809,2
291,"IRIS 313-11370","IRIS","IND","XI-2","India","SAS",16.44,20125,1,1,5,9,3.5,3,2,3.2,2,4.56434819146784,2
292,"IRIS 313-11372","IRIS","IND","XI-2","India","SAS",21.34,17058,1,1,5,10.8,2.4,3,1,2.6,1,4.54329478227,2
293,"IRIS 313-11386","IRIS","IND","XI-3","Thailand","SEA",15.94,18545,2,2,5,10.3,2.6,4,2,2.5,2,4.87519732320115,2
294,"IRIS 313-11394","IRIS","IND","XI-adm","Indonesia","SEA",21.75,18419,2,1,5,9.6,2.9,3,2,3,2,4.83628190695148,2
295,"IRIS 313-11395","IRIS","IND","XI-3","Indonesia","SEA",24.54,18126,2,1,5,8.2,2.4,3,2,1.6,NA,4.91265488573605,2
296,"IRIS 313-11416","IRIS","IND","XI-2","India","SAS",21.55,18732,2,2,5,8.6,2.7,3,2,2.2,2,4.79579054559674,2
297,"IRIS 313-11431","IRIS","IND","XI-3","Philippines","SEA",15.36,20144,1,1,5,9.7,2.9,2,1,2.4,2,4.54329478227,2
298,"IRIS 313-11435","IRIS","JAP","GJ-trp","Ivory_Coast","AFR",17.3,20879,2,1,3,9.5,3,3,1,2.4,2,4.47733681447821,2
299,"IRIS 313-11436","IRIS","JAP","GJ-trp","Ivory_Coast","AFR",22.78,20435,2,1,5,9.4,3.2,3,1,2.4,1,4.52178857704904,1
300,"IRIS 313-11443","IRIS","IND","XI-adm","India","SAS",16.19,19986,1,1,5,8.6,3.1,4,1,1.8,2,4.52178857704904,2
301,"IRIS 313-11453","IRIS","IND","XI-2","India","SAS",31.26,19952,1,1,7,8.1,2.4,3,1,1.7,1,4.47733681447821,2
302,"IRIS 313-11460","IRIS","IND","XI-2","India","SAS",20.09,20805,1,1,1,8,3.2,3,2,1.4,1,4.45434729625351,2
303,"IRIS 313-11461","IRIS","IND","XI-2","India","SAS",19.22,20683,1,1,5,9.1,3.4,2,2,2.9,1,4.47733681447821,2
304,"IRIS 313-11467","IRIS","IND","XI-3","Philippines","SEA",18.51,20548,1,1,5,10.1,2.9,4,1,2.7,2,4.78749174278205,2
305,"IRIS 313-11472","IRIS","IND","XI-3","Philippines","SEA",15.63,20848,NA,NA,NA,NA,NA,NA,NA,NA,NA,NA,NA
306,"IRIS 313-11477","IRIS","AUS","cA","India","SAS",15.87,20826,1,1,5,9.1,2.8,3,2,1.6,2,4.35670882668959,1
307,"IRIS 313-11483","IRIS","AUS","cA","Bangladesh","SAS",17.74,20687,1,1,3,8,3.9,2,1,3.1,1,4.34380542185368,2
308,"IRIS 313-11484","IRIS","AUS","cA","Bangladesh","SAS",19.96,20662,NA,2,5,8.6,2.8,NA,2,2.4,2,4.4188406077966,1
309,"IRIS 313-11489","IRIS","AUS","cA","India","SAS",18.63,20702,2,1,3,9.2,3.3,3,2,2.4,2,4.55387689160054,2
310,"IRIS 313-11493","IRIS","IND","XI-adm","India","SAS",26.75,20279,2,1,1,7.8,3.2,3,2,2.3,2,4.58496747867057,2
311,"IRIS 313-11513","IRIS","IND","XI-1B","Ecuador","AME",15.43,20452,1,1,3,8.2,3.3,2,1,2.7,1,4.64439089914137,1
312,"IRIS 313-11515","IRIS","IND","XI-adm","na","na",15.51,20232,2,1,1,11.2,3,3,1,3.1,1,4.62497281328427,2
313,"IRIS 313-11516","IRIS","IND","XI-adm","Philippines","SEA",23.73,20181,1,1,1,9.5,3.1,2,1,2.7,1,4.49980967033027,1
314,"IRIS 313-11521","IRIS","IND","XI-adm","Vietnam","SEA",15.11,20522,2,1,1,8.4,3.8,3,1,3,1,4.74493212836325,1
315,"IRIS 313-11522","IRIS","JAP","GJ-adm","China","EAS",19.51,21605,1,1,5,7.8,3.2,3,2,2.1,1,4.33073334028633,1
316,"IRIS 313-11528","IRIS","IND","XI-3","Ivory_Coast","AFR",20.29,20373,2,1,3,9.6,3,4,1,2.6,2,4.92725368515721,2
317,"IRIS 313-11530","IRIS","IND","XI-3","Thailand","SEA",19.5,20930,2,1,1,10.5,3.1,3,2,3.4,1,4.82028156560504,2
318,"IRIS 313-11543","IRIS","IND","XI-3","Myanmar","SEA",15.21,20693,2,2,5,8.7,3.1,4,2,2.7,1,5.07517381523383,2
319,"IRIS 313-11546","IRIS","IND","XI-adm","Myanmar","SEA",17.31,20939,1,2,5,8.7,3.1,4,2,2.1,1,4.75359019110636,2
320,"IRIS 313-11547","IRIS","IND","XI-adm","Myanmar","SEA",20.97,11665,NA,2,7,8.9,2.9,NA,2,1.8,NA,4.91265488573605,1
321,"IRIS 313-11555","IRIS","IND","XI-adm","Sierra_Leone","AFR",17.68,20461,2,1,5,8.1,3.1,3,2,2.5,NA,5.15329159449778,2
322,"IRIS 313-11567","IRIS","ARO","cB","Nepal","SAS",15.13,20549,1,1,3,8.6,2.5,4,2,2,1,4.77068462446567,2
323,"IRIS 313-11575","IRIS","JAP","GJ-tmp","China","EAS",16.37,21549,1,1,5,8,3.3,2,1,2.4,1,4.30406509320417,1
324,"IRIS 313-11582","IRIS","JAP","GJ-tmp","China","EAS",16.27,17069,1,1,3,7.8,3.2,2,1,2.3,1,4.43081679884331,2
325,"IRIS 313-11591","IRIS","ADM","admix","Malaysia","SEA",15.59,20678,2,1,1,8.6,3,4,1,2.8,1,4.96284463025991,1
326,"IRIS 313-11596","IRIS","IND","XI-adm","India","SAS",15.26,20587,1,1,1,6.2,2.8,3,2,1.4,2,4.45434729625351,1
327,"IRIS 313-11602","IRIS","AUS","cA","India","SAS",16.59,16138,1,1,5,7.8,2.4,2,2,1.8,2,4.33073334028633,1
328,"IRIS 313-11604","IRIS","AUS","cA","India","SAS",18.94,20601,1,1,5,8.9,2.6,3,2,2,1,4.43081679884331,2
329,"IRIS 313-11607","IRIS","IND","XI-2","India","SAS",18.96,20205,2,1,3,8.6,2.8,3,2,2.5,1,4.84418708645859,2
330,"IRIS 313-11615","IRIS","IND","XI-3","Guinea","AFR",18.75,20426,NA,2,5,7.2,2.9,NA,2,2.3,2,4.96284463025991,1
331,"IRIS 313-11617","IRIS","AUS","cA","India","SAS",16.2,20860,2,2,5,7.9,3,3,2,2.2,2,4.43081679884331,1
332,"IRIS 313-11618","IRIS","AUS","cA","India","SAS",16.13,20551,2,2,5,9.2,2.3,4,2,2,2,4.54329478227,1
333,"IRIS 313-11622","IRIS","IND","XI-1A","China","EAS",17.55,19802,NA,2,1,7,2.9,NA,2,2.4,1,4.33073334028633,1
334,"IRIS 313-11624","IRIS","IND","XI-1A","Nepal","SAS",18.19,20405,1,2,5,8.9,3,3,2,2.9,2,4.38202663467388,2
335,"IRIS 313-11626","IRIS","ARO","cB","Nepal","SAS",17.4,20901,1,2,3,6.8,3.1,3,2,2.3,2,4.47733681447821,1
336,"IRIS 313-11630","IRIS","ARO","cB","Nepal","SAS",16.34,20856,2,1,5,7.9,2.1,3,1,1.8,1,4.68213122712422,2
337,"IRIS 313-11635","IRIS","IND","XI-3","Thailand","SEA",40.91,19414,2,2,5,9,3.4,4,2,1.5,1,4.8283137373023,1
338,"IRIS 313-11638","IRIS","IND","XI-2","India","SAS",15.63,19103,1,1,3,9.1,2.8,3,2,2.8,1,4.45434729625351,1
339,"IRIS 313-11642","IRIS","IND","XI-2","India","SAS",27.87,19464,1,1,1,8.1,2.9,3,2,2.6,1,4.60517018598809,1
340,"IRIS 313-11643","IRIS","IND","XI-1B","India","SAS",39.56,19715,2,1,3,9.7,2.5,3,2,2.5,2,4.77912349311153,2
341,"IRIS 313-11644","IRIS","IND","XI-2","India","SAS",33.17,19191,1,1,3,8.2,3.2,3,2,2.7,1,4.58496747867057,2
342,"IRIS 313-11645","IRIS","IND","XI-2","India","SAS",39.91,19511,2,1,3,8.8,3,3,2,2.8,1,4.60517018598809,1
343,"IRIS 313-11646","IRIS","IND","XI-2","India","SAS",40.79,19897,1,1,3,9.7,2.8,2,2,3.1,1,4.58496747867057,1
344,"IRIS 313-11647","IRIS","IND","XI-2","India","SAS",17.68,19506,1,1,3,7.7,3.1,3,2,2.6,1,4.56434819146784,1
345,"IRIS 313-11648","IRIS","IND","XI-2","India","SAS",30.94,19970,1,1,1,7,2.9,3,2,1.9,1,4.58496747867057,1
346,"IRIS 313-11651","IRIS","JAP","GJ-tmp","China","EAS",37.13,21161,1,1,5,7.5,3.2,2,1,2.6,1,3.98898404656427,1
347,"IRIS 313-11652","IRIS","JAP","GJ-tmp","China","EAS",30.19,21270,1,1,5,7.6,3.5,2,1,3.2,1,4.06044301054642,1
348,"IRIS 313-11654","IRIS","JAP","GJ-tmp","China","EAS",15.99,20881,1,1,5,7.3,3.4,2,1,2.8,1,4.27666611901606,2
349,"IRIS 313-11655","IRIS","JAP","GJ-tmp","China","EAS",22.4,15939,1,2,5,7.8,3.6,2,1,3.1,1,4.27666611901606,1
350,"IRIS 313-11656","IRIS","IND","XI-adm","Indonesia","SEA",40.31,19912,1,1,5,8.7,2.5,3,2,2.5,2,4.47733681447821,1
351,"IRIS 313-11657","IRIS","IND","XI-2","Nigeria","AFR",41.04,19970,NA,NA,NA,NA,NA,NA,NA,NA,NA,NA,NA
352,"IRIS 313-11658","IRIS","JAP","GJ-trp","Sierra_Leone","AFR",16.33,20188,1,1,3,8.9,3.4,3,2,2.9,2,4.60517018598809,1
353,"IRIS 313-11659","IRIS","JAP","GJ-trp","Sierra_Leone","AFR",29.03,20962,2,1,5,8.2,2.9,4,2,2.6,2,4.59511985013459,2
354,"IRIS 313-11661","IRIS","JAP","GJ-tmp","Bhutan","SAS",32.35,21155,1,1,7,8.9,3.4,2,2,3.6,1,4.12713438504509,1
355,"IRIS 313-11663","IRIS","IND","admix","Zimbabwe","AFR",34.09,20039,1,1,3,8.9,3.2,3,2,2.8,2,4.58496747867057,2
356,"IRIS 313-11664","IRIS","IND","XI-adm","China","EAS",39.88,19741,1,1,3,9.8,2.7,3,2,2.7,1,4.52178857704904,1
357,"IRIS 313-11665","IRIS","IND","XI-1A","China","EAS",41.1,19699,1,1,1,9,3.2,2,1,3,1,4.43081679884331,1
358,"IRIS 313-11666","IRIS","IND","XI-adm","China","EAS",17.35,19325,1,1,1,9.2,3,2,1,2.7,2,4.33073334028633,1
359,"IRIS 313-11667","IRIS","IND","XI-1A","China","EAS",26.19,20047,1,1,3,8.9,3.1,2,1,2.6,1,4.27666611901606,1
360,"IRIS 313-11668","IRIS","IND","XI-1A","China","EAS",40.33,19677,1,1,3,8.5,3,2,1,2.1,1,4.30406509320417,1
361,"IRIS 313-11669","IRIS","IND","XI-adm","China","EAS",57.81,19872,2,1,3,8.3,3.1,4,2,2.4,1,4.21950770517611,2
362,"IRIS 313-11671","IRIS","IND","XI-2","Nepal","SAS",48.19,20292,1,1,3,9,2.9,3,2,2.4,1,4.71849887129509,2
363,"IRIS 313-11673","IRIS","JAP","GJ-trp","Philippines","SEA",36.22,21449,1,1,5,7.4,2.6,3,1,1.9,2,4.58496747867057,2
364,"IRIS 313-11674","IRIS","IND","XI-3","Thailand","SEA",30.54,19960,2,1,5,8.9,2.7,3,2,2.6,2,4.92725368515721,2
365,"IRIS 313-11677","IRIS","IND","XI-3","Thailand","SEA",28.14,19968,1,1,5,9.3,2.8,3,1,2.4,1,4.58496747867057,1
366,"IRIS 313-11678","IRIS","IND","XI-3","Thailand","SEA",15,19508,2,1,5,9.8,3.6,3,2,3.5,2,4.72738781871234,2
367,"IRIS 313-11679","IRIS","IND","XI-3","Thailand","SEA",15.74,19800,1,1,3,10.2,2.7,3,2,2.3,1,4.97673374242057,2
368,"IRIS 313-11681","IRIS","IND","XI-3","Thailand","SEA",39.64,19709,NA,2,5,9.1,3.2,NA,2,3.2,2,4.89034912822175,1
369,"IRIS 313-11683","IRIS","IND","XI-3","Thailand","SEA",37.66,20024,2,1,5,8.8,2,4,1,1.6,2,4.94875989037817,2
370,"IRIS 313-11684","IRIS","IND","XI-3","Thailand","SEA",31.25,19995,2,2,5,8.6,2.2,4,1,1,1,4.97673374242057,2
371,"IRIS 313-11685","IRIS","IND","XI-3","Thailand","SEA",34.58,19922,2,1,5,8.9,3,3,1,2.9,1,4.86753445045558,2
372,"IRIS 313-11686","IRIS","IND","XI-3","Thailand","SEA",38.87,19845,2,1,5,10.5,3.2,4,1,2.8,1,4.95582705760126,2
373,"IRIS 313-11687","IRIS","IND","XI-3","Thailand","SEA",36.17,20149,NA,2,7,9.5,2.6,NA,2,2.8,1,4.91265488573605,1
374,"IRIS 313-11689","IRIS","JAP","GJ-tmp","South_Korea","EAS",34.27,21748,1,1,3,7.1,3.2,2,2,2.6,1,4.27666611901606,1
375,"IRIS 313-11691","IRIS","JAP","GJ-sbtrp","Bhutan","SAS",34.95,20825,1,1,3,7.9,2.9,3,2,2.1,2,4.43081679884331,1
376,"IRIS 313-11692","IRIS","IND","XI-1A","Taiwan","EAS",32.12,19542,2,2,5,7.2,3.2,4,2,2.5,1,4.56434819146784,1
377,"IRIS 313-11693","IRIS","IND","XI-adm","Taiwan","EAS",21.01,14758,2,1,5,6.9,2.7,4,2,2,1,4.60517018598809,1
378,"IRIS 313-11700","IRIS","IND","XI-3","Thailand","SEA",34.9,19853,2,1,5,9.5,3.1,3,2,3.1,2,4.47733681447821,2
379,"IRIS 313-11704","IRIS","IND","XI-3","Thailand","SEA",30.95,19259,NA,NA,NA,NA,NA,NA,NA,NA,NA,NA,NA
380,"IRIS 313-11705","IRIS","IND","XI-3","Thailand","SEA",33.23,19763,2,1,5,9.2,2.9,4,1,2.9,1,4.91998092582813,2
381,"IRIS 313-11706","IRIS","IND","XI-3","Thailand","SEA",19.15,18578,2,1,3,6.1,2.8,3,2,1.4,2,4.89783979995091,2
382,"IRIS 313-11707","IRIS","IND","XI-3","Thailand","SEA",30.85,19657,2,1,5,9.3,2.7,4,2,2.1,2,5.11198778835654,1
383,"IRIS 313-11708","IRIS","IND","XI-3","Thailand","SEA",30.53,19364,2,2,3,9.3,2.6,4,2,2,2,4.77912349311153,2
384,"IRIS 313-11709","IRIS","IND","XI-3","Thailand","SEA",32.61,19527,2,1,5,9.4,2.6,4,2,2.4,1,4.87519732320115,2
385,"IRIS 313-11710","IRIS","IND","XI-3","Thailand","SEA",39.07,19706,2,1,5,9.8,2.7,3,1,3.1,NA,4.97673374242057,2
386,"IRIS 313-11711","IRIS","IND","XI-3","Thailand","SEA",35.15,19528,2,1,5,9.3,2.4,4,2,2.3,1,5.12989871492307,2
387,"IRIS 313-11712","IRIS","AUS","cA","India","SAS",15.04,18636,1,2,5,9.1,3.1,3,2,3,2,4.47733681447821,1
388,"IRIS 313-11716","IRIS","IND","XI-3","Guinea","AFR",29,19892,1,1,5,9.5,2.7,3,2,2.4,1,4.72738781871234,2
389,"IRIS 313-11717","IRIS","IND","XI-adm","Indonesia","SEA",40.09,19525,1,1,5,8.8,3.2,3,2,2.8,2,4.88280192258637,2
390,"IRIS 313-11719","IRIS","IND","XI-3","Thailand","SEA",32.58,19367,2,2,5,10.3,3.6,3,2,3.4,1,4.7361984483945,2
391,"IRIS 313-11720","IRIS","IND","XI-3","Thailand","SEA",29.25,20248,2,1,3,9.5,3,4,1,3.3,2,4.83628190695148,2
392,"IRIS 313-11721","IRIS","IND","XI-3","Thailand","SEA",31.97,19975,NA,1,7,8.7,3.4,NA,2,3.2,2,4.84418708645859,1
393,"IRIS 313-11722","IRIS","IND","XI-adm","Bangladesh","SAS",41.44,19934,1,1,1,8.2,2.6,2,2,1.8,1,4.47733681447821,1
394,"IRIS 313-11723","IRIS","IND","XI-2","Guinea","AFR",46.66,19552,2,1,3,10.8,2.6,4,2,3,2,4.86753445045558,1
395,"IRIS 313-11724","IRIS","IND","XI-3","Guinea","AFR",27.45,18396,2,1,5,6.2,2.4,3,2,2.3,1,4.99721227376411,1
396,"IRIS 313-11725","IRIS","JAP","GJ-tmp","Japan","EAS",38.69,21628,1,1,5,7.7,3.4,2,1,2.8,1,4.23410650459726,2
397,"IRIS 313-11727","IRIS","IND","XI-1A","China","EAS",36.17,19625,2,1,3,7.7,2.8,2,2,2.3,1,4.24849524204936,1
398,"IRIS 313-11728","IRIS","IND","XI-3","China","EAS",34.81,20168,2,2,5,10.1,2.8,3,2,2.9,1,4.61512051684126,1
399,"IRIS 313-11730","IRIS","IND","XI-adm","China","EAS",36.93,19622,1,1,1,7.1,3.1,3,1,2.3,1,4.64439089914137,1
400,"IRIS 313-11731","IRIS","IND","XI-adm","China","EAS",38.05,19997,2,1,1,9.7,2.6,3,2,2.6,1,4.51085950651685,1
401,"IRIS 313-11732","IRIS","IND","XI-1A","China","EAS",27.52,19981,2,1,5,7.5,3.3,2,2,2.2,1,4.24849524204936,1
402,"IRIS 313-11733","IRIS","IND","XI-1A","China","EAS",25.06,19487,1,1,1,7.8,3.3,2,2,2.5,2,4.54329478227,1
403,"IRIS 313-11734","IRIS","IND","XI-1A","China","EAS",27.34,19658,2,1,1,8.1,3.2,3,2,2.8,1,4.47733681447821,1
404,"IRIS 313-11736","IRIS","JAP","GJ-trp","Philippines","SEA",37.51,21106,NA,2,7,7.7,3.3,NA,2,2.5,2,4.49980967033027,1
405,"IRIS 313-11737","IRIS","AUS","cA","India","SAS",34.77,20054,1,1,3,6.7,3.2,3,2,2.1,2,4.57471097850338,2
406,"IRIS 313-11738","IRIS","IND","XI-2","India","SAS",32.53,19066,2,1,3,8.4,3.2,4,2,2.7,1,4.43081679884331,1
407,"IRIS 313-11739","IRIS","JAP","GJ-trp","Ghana","AFR",24.71,20773,1,1,5,9.2,3,3,2,2.8,2,4.59511985013459,1
408,"IRIS 313-11740","IRIS","IND","XI-adm","Ghana","AFR",36.77,19005,2,1,3,8,3.5,4,2,2.9,1,4.70953020131233,1
409,"IRIS 313-11741","IRIS","IND","XI-2","Sri_Lanka","SAS",24.3,19678,2,1,3,8.6,3.1,4,2,2.9,1,4.71849887129509,1
410,"IRIS 313-11742","IRIS","AUS","cA","India","SAS",22.07,19764,1,1,3,7.7,2.8,2,1,2.3,2,4.27666611901606,1
411,"IRIS 313-11744","IRIS","IND","XI-adm","China","EAS",34.91,18690,1,1,5,8.9,2.9,3,2,2.4,1,4.38202663467388,1
412,"IRIS 313-11745","IRIS","IND","XI-1A","China","EAS",35.75,19242,2,1,3,8.1,3.1,3,2,1.9,1,4.27666611901606,1
413,"IRIS 313-11746","IRIS","IND","XI-1A","China","EAS",32.39,18786,1,1,3,8.7,2.8,2,2,2.4,1,4.17438726989564,1
414,"IRIS 313-11747","IRIS","IND","XI-adm","China","EAS",29.61,19181,1,1,5,8.9,2.9,2,2,2.6,1,4.27666611901606,1
415,"IRIS 313-11748","IRIS","IND","XI-adm","China","EAS",31.52,18787,2,2,5,8.7,3,3,2,2.4,1,4.38202663467388,1
416,"IRIS 313-11750","IRIS","IND","XI-adm","China","EAS",30.39,19258,2,1,1,8.6,2.9,3,2,2.3,1,4.51085950651685,1
417,"IRIS 313-11751","IRIS","IND","XI-adm","China","EAS",26.44,19156,2,1,3,9.6,2.7,2,2,2.5,2,4.38202663467388,1
418,"IRIS 313-11752","IRIS","IND","XI-1A","China","EAS",35.92,19080,1,1,1,8.4,3.1,2,2,2.3,1,4.27666611901606,1
419,"IRIS 313-11753","IRIS","IND","XI-1A","China","EAS",26.05,19470,1,1,3,8.8,3,1,2,2.4,1,4.0943445622221,1
420,"IRIS 313-11754","IRIS","ADM","admix","Madagascar","AFR",36.7,19734,2,1,3,9.8,3.1,3,2,2.8,NA,4.64439089914137,1
421,"IRIS 313-11755","IRIS","JAP","GJ-trp","Liberia","AFR",36.12,20419,2,1,3,9.4,3.4,3,2,2.9,2,4.62497281328427,1
422,"IRIS 313-11756","IRIS","JAP","GJ-trp","Madagascar","AFR",23.61,20149,2,1,3,8.7,2.9,3,2,2.5,2,4.62497281328427,1
423,"IRIS 313-11757","IRIS","IND","XI-3","Madagascar","AFR",26.36,18994,2,1,5,7.7,2.5,3,1,2,2,4.98360662170834,2
424,"IRIS 313-11758","IRIS","IND","XI-2","Ivory_Coast","AFR",29.33,18695,NA,2,3,8,2.6,NA,2,2.4,1,4.85981240436167,1
425,"IRIS 313-11759","IRIS","JAP","GJ-trp","Ivory_Coast","AFR",36.12,19179,2,1,5,8.8,3.1,3,2,2.6,NA,4.62497281328427,1
426,"IRIS 313-11760","IRIS","ADM","XI-2","Madagascar","AFR",29.25,19366,1,1,3,9,2.6,3,2,2.1,1,4.82028156560504,1
427,"IRIS 313-11761","IRIS","ADM","XI-2","Ivory_Coast","AFR",34.49,18966,2,1,5,10.2,2.8,3,2,2.6,1,4.76217393479776,1
428,"IRIS 313-11762","IRIS","IND","XI-2","Madagascar","AFR",31.23,19179,2,1,5,9,2.1,3,1,2.2,1,4.84418708645859,2
429,"IRIS 313-11763","IRIS","IND","XI-adm","Cameroon","AFR",23.96,19491,2,1,3,8.7,2.8,2,2,2.2,1,4.52178857704904,1
430,"IRIS 313-11764","IRIS","IND","XI-3","Liberia","AFR",31.05,19037,NA,2,3,7.5,3,NA,2,3.9,1,4.84418708645859,1
431,"IRIS 313-11767","IRIS","ADM","admix","Madagascar","AFR",15.25,20047,2,2,5,11.3,2.5,4,2,2.5,2,4.85203026391962,1
432,"IRIS 313-11772","IRIS","IND","XI-2","Madagascar","AFR",19.2,14890,NA,2,5,9.2,2.9,NA,2,2.6,1,4.52178857704904,1
433,"IRIS 313-11773","IRIS","IND","XI-3","Gambia","AFR",16.01,19057,2,1,3,8.7,3.1,3,2,2.7,1,4.77068462446567,2
434,"IRIS 313-11784","IRIS","IND","XI-1B","Sierra_Leone","AFR",24.07,19595,2,1,1,9.7,2.4,3,1,2.2,2,4.64439089914137,1
435,"IRIS 313-11786","IRIS","IND","XI-3","Gambia","AFR",35.01,19488,2,1,5,10.6,2.7,3,2,2.8,2,4.81218435537242,1
436,"IRIS 313-11787","IRIS","IND","XI-2","Gambia","AFR",24.36,19658,2,2,5,8.9,3.7,4,2,3.2,1,4.90527477843843,1
437,"IRIS 313-11788","IRIS","JAP","GJ-adm","Philippines","SEA",24.11,21337,2,1,5,7.9,3.7,3,2,2.4,1,4.62497281328427,1
438,"IRIS 313-11789","IRIS","ADM","XI-2","Madagascar","AFR",35.91,19859,2,1,5,10.2,2.8,3,2,2.6,1,4.87519732320115,1
439,"IRIS 313-11790","IRIS","JAP","GJ-trp","Madagascar","AFR",33.78,20843,2,1,5,8.2,3.5,3,2,2.8,1,4.59511985013459,1
440,"IRIS 313-11791","IRIS","IND","XI-2","Madagascar","AFR",36.14,19392,2,1,5,9.6,3,4,2,2.8,1,4.59511985013459,1
441,"IRIS 313-11792","IRIS","JAP","GJ-trp","Madagascar","AFR",17.36,21230,2,1,5,8.7,4.1,4,2,3.1,2,4.56434819146784,1
442,"IRIS 313-11794","IRIS","ADM","XI-2","Madagascar","AFR",40.71,19164,NA,2,3,10.1,2.6,NA,2,3.4,1,4.61512051684126,1
443,"IRIS 313-11795","IRIS","IND","XI-1A","China","EAS",36.37,18334,1,1,1,8.1,3.3,3,2,2.5,1,4.39444915467244,1
444,"IRIS 313-11796","IRIS","IND","XI-1A","China","EAS",45.89,18981,2,1,5,8.3,3.2,2,2,2.3,1,4.4188406077966,1
445,"IRIS 313-11797","IRIS","IND","XI-1A","China","EAS",35.75,19206,1,1,3,10,2.5,2,2,2.6,1,4.12713438504509,1
446,"IRIS 313-11798","IRIS","IND","XI-1B","China","EAS",29.85,19490,1,1,1,9.1,3,2,2,2.6,2,4.39444915467244,1
447,"IRIS 313-11799","IRIS","IND","XI-1A","China","EAS",26.12,19270,1,1,3,9,3.1,2,2,2.4,1,4.38202663467388,1
448,"IRIS 313-11800","IRIS","JAP","GJ-tmp","China","EAS",41.88,20789,1,1,5,8,3.7,2,1,3.1,NA,4.21950770517611,1
449,"IRIS 313-11801","IRIS","IND","XI-adm","China","EAS",48.43,19205,1,1,3,9,2.8,2,2,2.6,1,4.4188406077966,1
450,"IRIS 313-11802","IRIS","IND","XI-1A","China","EAS",53.45,19196,1,2,3,8.6,3.3,3,2,2.8,1,4.48863636973214,1
451,"IRIS 313-11804","IRIS","IND","XI-1A","China","EAS",36.81,18920,2,1,5,8.1,3.3,3,2,2.3,1,4.31748811353631,1
452,"IRIS 313-11805","IRIS","IND","XI-1A","China","EAS",41.68,18699,2,1,5,8.8,3.4,3,2,2.7,1,4.4188406077966,1
453,"IRIS 313-11806","IRIS","IND","XI-1A","China","EAS",24.41,19113,1,1,3,8.1,3.1,2,2,2.2,2,4.43081679884331,1
454,"IRIS 313-11807","IRIS","IND","XI-adm","Colombia","AME",32.46,18713,2,1,1,9.6,2.5,3,2,2.4,1,4.65396035015752,1
455,"IRIS 313-11809","IRIS","AUS","cA","Kenya","AFR",31.53,18769,2,1,5,10.5,2.5,3,2,2.3,1,4.44265125649032,1
456,"IRIS 313-11810","IRIS","IND","XI-3","Kenya","AFR",33.79,19122,2,1,5,9.9,2.9,3,NA,2.3,1,4.82028156560504,NA
457,"IRIS 313-11811","IRIS","ADM","XI-2","Kenya","AFR",31.51,19241,2,2,3,9.1,2.9,3,2,2.1,1,4.81218435537242,1
458,"IRIS 313-11812","IRIS","IND","XI-3","Kenya","AFR",46.9,18925,2,1,3,10.2,2.8,5,2,2.3,2,4.74493212836325,1
459,"IRIS 313-11813","IRIS","IND","XI-3","Kenya","AFR",30.26,18913,2,2,3,9.8,2.7,3,2,2.1,2,4.68213122712422,1
460,"IRIS 313-11814","IRIS","IND","XI-3","Kenya","AFR",31.73,18676,2,1,3,11.2,2.8,4,2,3,2,4.91265488573605,2
461,"IRIS 313-11815","IRIS","IND","XI-3","Kenya","AFR",32.61,18943,2,1,5,9.8,3,4,2,2.7,1,4.77068462446567,1
462,"IRIS 313-11816","IRIS","IND","XI-adm","Myanmar","SEA",24.04,19126,1,1,1,7.8,3.1,3,2,2.4,1,4.67282883446191,2
463,"IRIS 313-11817","IRIS","IND","XI-adm","Myanmar","SEA",32.56,18272,2,2,5,9.7,2.9,4,2,2.6,1,4.66343909411207,2
464,"IRIS 313-11819","IRIS","IND","XI-3","Myanmar","SEA",37.91,18801,2,2,3,9.5,2.4,3,2,2.8,1,4.7361984483945,2
465,"IRIS 313-11820","IRIS","IND","XI-3","Myanmar","SEA",29.58,19075,2,2,3,10.1,2.7,3,2,3.4,1,4.80402104473326,2
466,"IRIS 313-11821","IRIS","IND","XI-2","India","SAS",39.77,19328,2,1,5,7.1,3.3,4,2,2.1,2,4.81218435537242,1
467,"IRIS 313-11822","IRIS","IND","XI-2","India","SAS",28.33,19266,2,1,3,9.1,3.1,3,2,2.6,NA,4.70953020131233,1
468,"IRIS 313-11823","IRIS","IND","XI-2","India","SAS",32.95,18906,2,1,5,9.6,3,4,2,2,2,4.77068462446567,1
469,"IRIS 313-11824","IRIS","IND","XI-2","India","SAS",36.2,18743,2,1,5,8.9,3.5,3,2,2.5,2,4.7361984483945,1
470,"IRIS 313-11825","IRIS","ARO","cB","India","SAS",36.74,19809,2,1,5,9.5,2.7,4,2,2.4,NA,4.70953020131233,1
471,"IRIS 313-11829","IRIS","JAP","GJ-tmp","Pakistan","SAS",18.86,21626,1,1,5,7.3,3.3,2,1,2.4,2,4.35670882668959,2
472,"IRIS 313-11832","IRIS","JAP","GJ-sbtrp","Thailand","SEA",17.04,20810,2,1,3,9.3,2.8,3,2,2,1,4.63472898822964,1
473,"IRIS 313-11833","IRIS","IND","XI-3","Thailand","SEA",17.14,18603,2,1,3,8.2,2.5,4,2,1.6,1,4.9416424226093,2
474,"IRIS 313-11835","IRIS","IND","XI-adm","Thailand","SEA",21.29,19035,2,1,7,9.9,3.2,4,2,2.7,1,4.67282883446191,1
475,"IRIS 313-11836","IRIS","IND","XI-3","Thailand","SEA",15.5,19524,2,2,5,9.1,2.8,4,2,2.7,1,4.77912349311153,2
476,"IRIS 313-11840","IRIS","IND","XI-3","Thailand","SEA",16.6,19898,2,1,3,10.2,2.8,4,2,2,1,4.91998092582813,2
477,"IRIS 313-11842","IRIS","IND","XI-3","Thailand","SEA",20.2,19827,NA,NA,NA,NA,NA,NA,NA,NA,NA,NA,NA
478,"IRIS 313-11848","IRIS","IND","XI-3","Malaysia","SEA",18.99,18973,2,1,5,9.5,2.9,4,2,2.4,1,5.08140436498446,2
479,"IRIS 313-11854","IRIS","IND","XI-1A","China","EAS",16.09,19124,2,1,5,7.7,3.1,3,2,2.1,2,4.46590811865458,NA
480,"IRIS 313-11866","IRIS","IND","XI-1A","China","EAS",16.19,19388,1,1,3,7.6,3.1,2,2,2.2,1,4.43081679884331,2
481,"IRIS 313-11867","IRIS","IND","XI-1A","China","EAS",18.48,19781,1,1,3,8.4,2.7,3,2,2.1,1,4.45434729625351,2
482,"IRIS 313-11870","IRIS","IND","XI-1A","China","EAS",16.47,20026,2,1,5,8.3,2.8,3,2,2.2,1,4.40671924726425,2
483,"IRIS 313-11877","IRIS","IND","XI-1A","China","EAS",18.85,20234,2,1,3,9.5,2.9,3,2,2.3,2,4.27666611901606,1
484,"IRIS 313-11878","IRIS","IND","XI-1A","China","EAS",23,20118,2,1,5,8.3,3.1,3,2,2.6,2,4.36944785246702,1
485,"IRIS 313-11882","IRIS","IND","XI-1A","China","EAS",20.93,20042,2,1,3,8.6,3.4,3,2,2.9,1,4.43081679884331,1
486,"IRIS 313-11887","IRIS","IND","XI-1B","Philippines","SEA",16.61,19606,2,1,1,8.9,2.5,3,2,2.3,2,4.48863636973214,1
487,"IRIS 313-11897","IRIS","JAP","GJ-sbtrp","Thailand","SEA",15.31,21235,1,1,3,8.9,3.2,4,1,2.6,2,4.47733681447821,1
488,"IRIS 313-11900","IRIS","JAP","GJ-sbtrp","Thailand","SEA",26.36,21891,2,1,7,10.8,4.1,4,2,3.7,1,4.67282883446191,1
489,"IRIS 313-11902","IRIS","IND","XI-3","Indonesia","SEA",17.07,20084,2,1,7,8,3.1,4,2,2.4,2,4.74493212836325,1
490,"IRIS 313-11909","IRIS","IND","XI-1A","China","EAS",15.37,20114,1,1,5,8.1,3.1,3,2,2.2,2,4.36944785246702,1
491,"IRIS 313-11916","IRIS","IND","XI-2","Sri_Lanka","SAS",15.58,19881,2,1,3,8.5,3.4,4,2,2.1,1,4.70048036579242,2
492,"IRIS 313-11919","IRIS","IND","XI-2","India","SAS",16.77,20103,2,1,3,8.6,3,4,2,2.6,2,4.53259949315326,2
493,"IRIS 313-11920","IRIS","IND","XI-adm","Thailand","SEA",17.49,19960,2,1,5,10.1,2.5,4,2,2.1,2,4.62497281328427,2
494,"IRIS 313-11924","IRIS","JAP","GJ-sbtrp","Thailand","SEA",63.77,20738,2,1,5,10.1,3.3,4,2,2.6,2,4.68213122712422,1
495,"IRIS 313-11927","IRIS","IND","XI-3","Thailand","SEA",15.12,20404,2,2,3,10.1,3.3,4,2,2.5,1,4.49980967033027,2
496,"IRIS 313-11929","IRIS","JAP","GJ-trp","Philippines","SEA",22.15,21060,2,1,5,9,2.5,3,2,2.1,2,4.63472898822964,2
497,"IRIS 313-11930","IRIS","ADM","XI-1B","Nigeria","AFR",21.38,20063,2,1,5,9.5,2.6,3,2,2.2,1,4.59511985013459,1
498,"IRIS 313-11935","IRIS","IND","XI-3","Cambodia","SEA",17.08,19947,2,1,3,6.6,2,3,2,2.1,1,5.04342511691925,2
499,"IRIS 313-11939","IRIS","IND","XI-3","Burkina_Faso","AFR",17.95,20263,NA,2,3,9.8,2.6,NA,2,2.9,1,4.78749174278205,1
500,"IRIS 313-11940","IRIS","IND","XI-adm","Burkina_Faso","AFR",15.26,20041,NA,2,3,8.5,2.8,NA,2,2,1,4.79579054559674,1
501,"IRIS 313-11941","IRIS","IND","XI-1B","Burkina_Faso","AFR",15.18,20051,2,1,1,9.1,2.4,2,1,2.5,2,4.70048036579242,2
502,"IRIS 313-11945","IRIS","IND","XI-2","Bangladesh","SAS",19.83,19887,2,2,5,7.1,2.9,4,2,2,2,4.86753445045558,2
503,"IRIS 313-11949","IRIS","IND","XI-1A","China","EAS",16.6,20141,2,1,5,8.2,2.9,3,2,2.3,2,4.39444915467244,2
504,"IRIS 313-11950","IRIS","IND","XI-1A","China","EAS",16.56,19877,2,1,5,7.7,3.3,3,2,2.3,1,4.43081679884331,2
505,"IRIS 313-11953","IRIS","IND","XI-1A","China","EAS",18.41,19954,1,2,5,8.4,3.1,3,2,2.3,1,4.34380542185368,2
506,"IRIS 313-11955","IRIS","IND","XI-1A","China","EAS",17.37,20158,2,2,5,7.7,3,3,2,2.4,1,4.47733681447821,2
507,"IRIS 313-11959","IRIS","IND","XI-3","Philippines","SEA",19.61,19984,2,2,5,8.6,3.4,4,2,2.9,NA,4.86753445045558,2
508,"IRIS 313-11962","IRIS","IND","XI-3","Thailand","SEA",15.15,20202,NA,2,7,9.9,2.5,NA,2,2.8,1,4.91265488573605,1
509,"IRIS 313-11966","IRIS","IND","XI-1A","China","EAS",15.27,19884,2,1,5,8.4,3,3,2,2.4,1,4.48863636973214,2
510,"IRIS 313-11978","IRIS","IND","XI-1B","Philippines","SEA",17.36,18804,2,1,3,9.2,2.6,3,2,2.6,1,4.48863636973214,2
511,"IRIS 313-11979","IRIS","IND","XI-1B","Philippines","SEA",17.3,19210,1,2,5,9.1,2.2,3,2,2.2,2,4.64439089914137,2
512,"IRIS 313-11988","IRIS","IND","XI-adm","Sierra_Leone","AFR",15.21,18949,2,1,1,7.5,3.2,2,2,2,1,4.90527477843843,1
513,"IRIS 313-11989","IRIS","IND","XI-3","Brunei_Darussalam","SEA",15.2,18892,2,1,3,7.4,2.8,2,2,1.4,1,5.02388052084628,1
514,"IRIS 313-11994","IRIS","JAP","GJ-trp","Philippines","SEA",19.13,20149,2,1,5,8.8,3.6,2,2,1.9,1,4.58496747867057,1
515,"IRIS 313-11999","IRIS","IND","XI-3","Cambodia","SEA",18.35,18921,2,1,5,8.1,3,3,2,2.2,2,4.94875989037817,1
516,"IRIS 313-12000","IRIS","IND","XI-3","Cambodia","SEA",21.78,18974,2,1,3,7.8,2.7,3,2,2.2,NA,5.04342511691925,2
517,"IRIS 313-12010","IRIS","IND","XI-1A","China","EAS",18.91,19020,2,1,3,8.2,3.1,2,2,2.4,1,4.36944785246702,1
518,"IRIS 313-12024","IRIS","IND","XI-1B","na","na",18.52,18765,2,1,1,9.5,2.6,2,1,2.6,1,4.58496747867057,1
519,"IRIS 313-12033","IRIS","IND","XI-1A","China","EAS",21.34,20099,2,1,1,8,3.4,2,2,2.5,1,4.45434729625351,2
520,"IRIS 313-12040","IRIS","IND","XI-3","Cambodia","SEA",19.54,18366,2,1,5,7.6,2.7,4,2,2,1,5.11198778835654,2
521,"IRIS 313-12041","IRIS","IND","XI-3","Cambodia","SEA",17.22,18404,2,1,5,7.7,2.6,4,2,1.8,1,5.08140436498446,2
522,"IRIS 313-12044","IRIS","IND","XI-3","Cambodia","SEA",20.78,18824,2,1,3,8.2,2.6,4,2,2.2,NA,5.01063529409626,2
523,"IRIS 313-12045","IRIS","JAP","GJ-trp","Indonesia","SEA",16.23,19579,NA,NA,NA,NA,NA,NA,NA,NA,NA,NA,NA
524,"IRIS 313-12048","IRIS","IND","XI-3","Indonesia","SEA",18.05,18420,2,1,3,7.1,2.4,4,2,1.5,2,5.01063529409626,2
525,"IRIS 313-12052","IRIS","IND","XI-adm","India","SAS",18.8,18901,2,1,5,8.5,3.4,4,2,2.6,1,4.85981240436167,1
526,"IRIS 313-12054","IRIS","JAP","GJ-tmp","China","EAS",17.37,19683,NA,2,3,7.5,3.2,NA,2,2.5,2,4.23410650459726,1
527,"IRIS 313-12058","IRIS","IND","XI-3","Cambodia","SEA",29.77,19533,2,2,5,6.8,2.7,4,2,2.2,1,5.08759633523238,2
528,"IRIS 313-12060","IRIS","JAP","GJ-adm","China","EAS",20.75,20079,2,1,5,7,3.1,3,2,2.4,2,4.11087386417331,1
529,"IRIS 313-12061","IRIS","JAP","GJ-tmp","China","EAS",18.46,20477,2,1,5,6.2,3,2,1,2.1,1,4.21950770517611,1
530,"IRIS 313-12068","IRIS","JAP","GJ-trp","Indonesia","SEA",15.42,21005,2,1,5,9.2,3.2,4,2,2.9,1,4.59511985013459,2
531,"IRIS 313-12071","IRIS","JAP","GJ-sbtrp","Laos","SEA",16.1,21542,2,1,5,9.1,3.2,3,2,3.1,2,4.31748811353631,2
532,"IRIS 313-12094","IRIS","ARO","cB","Bangladesh","SAS",20.75,15429,2,1,5,4.7,2.1,NA,2,1.3,1,4.84418708645859,2
533,"IRIS 313-12097","IRIS","IND","XI-3","Cambodia","SEA",17.21,27821,2,1,5,7,2.7,2,2,1.6,NA,5.14749447681345,2
534,"IRIS 313-12101","IRIS","IND","XI-3","Cambodia","SEA",15.07,19749,2,2,3,6.2,2.1,NA,2,1.7,2,5.21493575760899,1
535,"IRIS 313-12108","IRIS","JAP","GJ-trp","Malaysia","SEA",16.86,21271,NA,NA,NA,NA,NA,NA,NA,NA,NA,NA,NA
536,"IRIS 313-12118","IRIS","ADM","XI-2","Madagascar","AFR",18.76,20179,2,1,1,6,2,3,2,2.2,1,4.78749174278205,2
537,"IRIS 313-12121","IRIS","IND","XI-3","Laos","SEA",20.73,19829,2,1,5,7.1,2.2,3,2,1.8,2,4.81218435537242,2
538,"IRIS 313-12127","IRIS","IND","XI-3","Laos","SEA",21.28,20051,2,1,3,6.7,2.7,3,2,3.7,1,4.81218435537242,2
539,"IRIS 313-12128","IRIS","IND","XI-3","Laos","SEA",15.13,20582,2,1,5,7.6,2,4,2,2.6,1,4.84418708645859,2
540,"IRIS 313-12129","IRIS","JAP","GJ-sbtrp","Laos","SEA",17.79,21528,2,1,7,7,3.4,3,2,3.8,1,4.52178857704904,2
541,"IRIS 313-12131","IRIS","IND","XI-3","Laos","SEA",16.52,20072,2,1,5,7.4,2.4,4,2,2.2,1,4.64439089914137,2
542,"IRIS 313-12134","IRIS","JAP","GJ-sbtrp","Laos","SEA",16.21,21564,2,1,7,7,3,3,1,2.9,NA,4.64439089914137,1
543,"IRIS 313-12135","IRIS","IND","XI-1B","Malaysia","SEA",17.31,20203,1,1,3,6.7,1.8,2,2,2,1,4.35670882668959,2
544,"IRIS 313-12141","IRIS","AUS","cA","Bangladesh","SAS",15.16,20199,1,1,5,6,2.1,3,2,2.5,2,4.39444915467244,2
545,"IRIS 313-12146","IRIS","IND","XI-adm","Cambodia","SEA",16.86,20506,2,1,3,8.2,2.8,4,2,2.2,2,4.88280192258637,2
546,"IRIS 313-12164","IRIS","JAP","GJ-adm","Cambodia","SEA",19.06,20490,2,1,5,6.2,2.2,3,2,2.9,2,4.29045944114839,2
547,"IRIS 313-12183","IRIS","AUS","cA","Nepal","SAS",18.15,14381,2,1,3,7.4,3.6,3,2,2.1,1,4.7361984483945,1
548,"IRIS 313-12188","IRIS","IND","XI-3","Laos","SEA",16.17,13607,2,1,3,9.6,2.7,3,2,2.2,1,4.75359019110636,2
549,"IRIS 313-12190","IRIS","IND","XI-adm","Laos","SEA",16.49,21691,2,1,3,10.1,2.9,4,2,3.3,1,4.71849887129509,2
550,"IRIS 313-12193","IRIS","IND","XI-3","Laos","SEA",16.46,14786,2,1,7,9.9,3.6,3,2,3.6,2,4.77912349311153,2
551,"IRIS 313-12228","IRIS","JAP","GJ-sbtrp","Laos","SEA",20.91,22442,2,1,7,9.3,3.3,3,2,3.8,2,4.52178857704904,2
552,"IRIS 313-12234","IRIS","IND","XI-1B","China","EAS",16.01,21558,1,1,3,7.9,2.8,3,2,3,2,4.59511985013459,2
553,"IRIS 313-12258","IRIS","JAP","GJ-sbtrp","Laos","SEA",15.83,22243,2,1,7,8.5,3.5,3,2,3.1,1,4.48863636973214,2
554,"IRIS 313-12259","IRIS","IND","XI-3","Laos","SEA",15.51,20311,2,1,5,9.3,3.5,3,2,2.7,2,4.90527477843843,1
555,"IRIS 313-12262","IRIS","JAP","GJ-sbtrp","Laos","SEA",15.11,20712,2,2,7,10.4,3.3,3,2,3.4,2,4.40671924726425,2
556,"IRIS 313-12268","IRIS","IND","XI-adm","Myanmar","SEA",17.85,20421,2,1,3,8.5,2.8,4,2,2.7,2,4.66343909411207,2
557,"IRIS 313-12275","IRIS","IND","XI-adm","China","EAS",15.6,14980,2,1,5,9.3,2.8,3,2,2.5,2,4.34380542185368,2
558,"IRIS 313-12281","IRIS","JAP","GJ-trp","Madagascar","AFR",17.03,21467,2,1,7,8.9,3.8,4,1,3.1,2,4.57471097850338,1
559,"IRIS 313-12287","IRIS","IND","XI-3","Myanmar","SEA",15.83,21119,2,1,3,9.7,2.7,3,2,2.6,1,4.85981240436167,2
560,"IRIS 313-12289","IRIS","JAP","GJ-sbtrp","Myanmar","SEA",15.43,22579,2,1,7,9.8,3.6,3,2,3.3,1,4.54329478227,1
561,"IRIS 313-12291","IRIS","IND","XI-adm","Myanmar","SEA",15.42,20675,2,1,5,8.7,2.9,3,2,2.6,2,4.8283137373023,2
562,"IRIS 313-12300","IRIS","IND","XI-adm","Laos","SEA",17.03,28375,2,1,3,8.6,3,3,2,2.2,1,4.51085950651685,2
563,"IRIS 313-12303","IRIS","IND","XI-adm","Laos","SEA",16.35,20921,2,1,3,9.4,3.4,4,2,3,1,4.85203026391962,1
564,"IRIS 313-12305","IRIS","IND","XI-3","Laos","SEA",16.03,21015,2,1,3,8.1,3.5,3,2,1.5,1,4.85203026391962,2
565,"IRIS 313-12307","IRIS","JAP","GJ-sbtrp","Laos","SEA",15.61,22325,2,1,7,9.5,4.2,3,2,2.9,1,4.53259949315326,2
566,"IRIS 313-12312","IRIS","JAP","GJ-sbtrp","Laos","SEA",16.12,16852,2,1,7,8.9,3.6,3,2,3.3,2,4.48863636973214,1
567,"IRIS 313-12321","IRIS","JAP","GJ-sbtrp","Laos","SEA",16.22,18826,2,1,7,8.4,3.5,3,2,3.3,2,4.43081679884331,2
568,"IRIS 313-12323","IRIS","JAP","GJ-sbtrp","Laos","SEA",17.5,18018,2,2,5,10.9,3.7,3,1,4.5,NA,4.45434729625351,2
569,"IRIS 313-12334","IRIS","IND","XI-3","Laos","SEA",18.03,15440,2,1,3,10.7,3.6,3,2,3,2,4.48863636973214,2
570,"IRIS 313-12349","IRIS","JAP","GJ-sbtrp","Laos","SEA",21.98,20892,2,1,7,8.8,4,4,2,4.7,2,4.51085950651685,2
571,"IRIS 313-12350","IRIS","JAP","GJ-sbtrp","Laos","SEA",15.14,19496,2,1,7,9.1,3.8,4,2,3.3,2,4.48863636973214,1
572,"IRIS 313-12351","IRIS","JAP","GJ-sbtrp","Laos","SEA",16.46,19731,2,1,7,10.3,4.3,3,2,4.5,NA,4.51085950651685,2
573,"IRIS 313-12354","IRIS","IND","XI-adm","Laos","SEA",15.56,15175,2,1,1,9.5,3.3,3,2,2.8,1,4.71849887129509,1
574,"IRIS 313-12355","IRIS","IND","XI-adm","Laos","SEA",21.95,18987,2,1,1,10.6,2.8,3,2,2.9,1,4.60517018598809,2
575,"IRIS 313-15900","IRIS","IND","XI-adm","Philippines","SEA",15.21,20678,NA,NA,NA,NA,NA,NA,NA,NA,2,NA,NA
576,"IRIS 313-15908","IRIS","AUS","cA","Colombia","AME",28.92,20176,NA,NA,NA,NA,NA,NA,NA,NA,2,NA,NA
577,"IRIS 313-15910","IRIS","JAP","GJ-trp","United_States","AME",28.93,21265,NA,NA,NA,NA,NA,NA,NA,NA,2,NA,NA
578,"IRIS 313-7638","IRIS","IND","XI-adm","Madagascar","AFR",18.43,18304,NA,NA,NA,NA,NA,NA,NA,NA,NA,NA,NA
579,"IRIS 313-7646","IRIS","ADM","admix","Madagascar","AFR",20.27,17299,NA,NA,NA,NA,NA,NA,NA,NA,NA,NA,NA
580,"IRIS 313-7650","IRIS","IND","XI-2","Madagascar","AFR",16.39,18965,NA,NA,NA,NA,NA,NA,NA,NA,NA,NA,NA
581,"IRIS 313-7685","IRIS","IND","XI-1B","Philippines","SEA",16.42,18525,1,1,1,9,2.1,2,2,2.2,NA,4.45434729625351,2
582,"IRIS 313-7688","IRIS","IND","XI-1B","Philippines","SEA",16.29,20199,1,1,3,9.3,2.6,3,1,2.5,NA,4.54329478227,1
583,"IRIS 313-7689","IRIS","IND","XI-1B","Philippines","SEA",17.21,20139,1,2,1,8.9,2.4,2,2,2.4,NA,4.46590811865458,2
584,"IRIS 313-7719","IRIS","IND","XI-adm","Mali","AFR",17.85,19116,NA,NA,NA,NA,NA,NA,NA,NA,NA,NA,NA
585,"IRIS 313-7722","IRIS","ADM","admix","Madagascar","AFR",16.74,19238,NA,NA,NA,NA,NA,NA,NA,NA,NA,NA,NA
586,"IRIS 313-7725","IRIS","ADM","XI-2","Madagascar","AFR",18.15,20460,NA,NA,NA,NA,NA,NA,NA,NA,NA,NA,NA
587,"IRIS 313-7795","IRIS","ADM","XI-2","Madagascar","AFR",16.26,18762,NA,NA,NA,NA,NA,NA,NA,NA,NA,NA,NA
588,"IRIS 313-7797","IRIS","IND","XI-adm","Philippines","SEA",15.64,18442,NA,NA,NA,NA,NA,NA,NA,NA,NA,NA,NA
589,"IRIS 313-7799","IRIS","IND","XI-2","Madagascar","AFR",15.37,20183,NA,NA,NA,NA,NA,NA,NA,NA,NA,NA,NA
590,"IRIS 313-7808","IRIS","IND","XI-1B","Senegal","AFR",25.03,20144,NA,NA,NA,NA,NA,NA,NA,NA,NA,NA,NA
591,"IRIS 313-7816","IRIS","IND","XI-1B","Senegal","AFR",15.49,19115,NA,NA,NA,NA,NA,NA,NA,NA,NA,NA,NA
592,"IRIS 313-7850","IRIS","JAP","GJ-trp","Madagascar","AFR",16.46,19789,NA,NA,NA,NA,NA,NA,NA,NA,NA,NA,NA
593,"IRIS 313-7866","IRIS","ADM","GJ-trp","Colombia","AME",15.8,19434,NA,NA,NA,NA,NA,NA,NA,NA,NA,NA,NA
594,"IRIS 313-7876","IRIS","JAP","GJ-trp","Philippines","SEA",16.85,20125,NA,NA,NA,NA,NA,NA,NA,NA,NA,NA,NA
595,"IRIS 313-7883","IRIS","JAP","GJ-trp","Indonesia","SEA",21.43,19114,2,1,7,8.5,3.6,3,1,3,NA,4.63472898822964,1
596,"IRIS 313-7902","IRIS","JAP","GJ-trp","Philippines","SEA",22.66,19615,NA,NA,NA,NA,NA,NA,NA,NA,NA,NA,NA
597,"IRIS 313-7909","IRIS","ADM","GJ-trp","Philippines","SEA",18.96,19921,NA,NA,NA,NA,NA,NA,NA,NA,NA,NA,NA
598,"IRIS 313-7911","IRIS","IND","XI-1B","Philippines","SEA",18.94,18340,NA,NA,NA,NA,NA,NA,NA,NA,NA,NA,NA
599,"IRIS 313-7914","IRIS","JAP","GJ-trp","Ivory_Coast","AFR",27.07,21262,NA,NA,NA,NA,NA,NA,NA,NA,NA,NA,NA
600,"IRIS 313-7924","IRIS","ADM","GJ-trp","Bolivia","AME",16.8,19418,NA,NA,NA,NA,NA,NA,NA,NA,NA,NA,NA
601,"IRIS 313-7933","IRIS","ADM","admix","Nepal","SAS",19,21667,1,1,5,7.6,3.4,2,1,2.8,NA,4.21950770517611,2
602,"IRIS 313-7994","IRIS","JAP","GJ-trp","Madagascar","AFR",17.46,19701,NA,NA,NA,NA,NA,NA,NA,NA,NA,NA,NA
603,"IRIS 313-8010","IRIS","JAP","GJ-trp","Philippines","SEA",19.42,19874,NA,NA,NA,NA,NA,NA,NA,NA,NA,NA,NA
604,"IRIS 313-8024","IRIS","JAP","GJ-tmp","Italy","EUR",15.35,20676,NA,NA,NA,NA,NA,NA,NA,NA,NA,NA,NA
605,"IRIS 313-8037","IRIS","JAP","GJ-adm","Italy","EUR",16.42,21303,NA,NA,NA,NA,NA,NA,NA,NA,NA,NA,NA
606,"IRIS 313-8064","IRIS","JAP","GJ-trp","Argentina","AME",15.92,20140,NA,NA,NA,NA,NA,NA,NA,NA,NA,NA,NA
607,"IRIS 313-8066","IRIS","JAP","GJ-tmp","Italy","EUR",15.55,20580,NA,NA,NA,NA,NA,NA,NA,NA,NA,NA,NA
608,"IRIS 313-8074","IRIS","JAP","GJ-trp","Australia","OCE",16.26,21317,NA,NA,NA,NA,NA,NA,NA,NA,NA,NA,NA
609,"IRIS 313-8085","IRIS","JAP","GJ-tmp","Spain","EUR",16.15,21003,NA,NA,NA,NA,NA,NA,NA,NA,NA,NA,NA
610,"IRIS 313-8115","IRIS","JAP","GJ-adm","Portugal","EUR",15.55,21761,NA,NA,NA,NA,NA,NA,NA,NA,NA,NA,NA
611,"IRIS 313-8118","IRIS","JAP","GJ-tmp","Portugal","EUR",16.15,21967,NA,NA,NA,NA,NA,NA,NA,NA,NA,NA,NA
612,"IRIS 313-8119","IRIS","JAP","GJ-tmp","Bulgaria","EUR",18.28,22138,NA,NA,NA,NA,NA,NA,NA,NA,NA,NA,NA
613,"IRIS 313-8123","IRIS","JAP","GJ-tmp","Portugal","EUR",16.43,20954,NA,NA,NA,NA,NA,NA,NA,NA,NA,NA,NA
614,"IRIS 313-8125","IRIS","JAP","GJ-tmp","Bulgaria","EUR",20.65,21758,NA,NA,NA,NA,NA,NA,NA,NA,NA,NA,NA
615,"IRIS 313-8127","IRIS","JAP","GJ-tmp","Bulgaria","EUR",16.79,21659,NA,NA,NA,NA,NA,NA,NA,NA,NA,NA,NA
616,"IRIS 313-8129","IRIS","JAP","GJ-tmp","Bulgaria","EUR",15.69,20943,NA,NA,NA,NA,NA,NA,NA,NA,NA,NA,NA
617,"IRIS 313-8140","IRIS","JAP","GJ-tmp","China","EAS",15.31,21071,NA,NA,NA,NA,NA,NA,NA,NA,NA,NA,NA
618,"IRIS 313-8151","IRIS","JAP","GJ-tmp","Portugal","EUR",20.62,21041,NA,NA,NA,NA,NA,NA,NA,NA,NA,NA,NA
619,"IRIS 313-8166","IRIS","JAP","GJ-adm","France","WEU",15.6,20388,NA,NA,NA,NA,NA,NA,NA,NA,NA,NA,NA
620,"IRIS 313-8167","IRIS","JAP","GJ-adm","France","WEU",16.48,21198,NA,NA,NA,NA,NA,NA,NA,NA,NA,NA,NA
621,"IRIS 313-8168","IRIS","JAP","GJ-adm","France","WEU",17.96,21164,NA,NA,NA,NA,NA,NA,NA,NA,NA,NA,NA
622,"IRIS 313-8172","IRIS","ADM","admix","Philippines","SEA",18.56,20598,NA,NA,NA,NA,NA,NA,NA,NA,NA,NA,NA
623,"IRIS 313-8173","IRIS","JAP","GJ-trp","United_States","AME",21.81,20142,NA,NA,NA,NA,NA,NA,NA,NA,NA,NA,NA
624,"IRIS 313-8177","IRIS","JAP","GJ-adm","Italy","EUR",16.28,21751,NA,NA,NA,NA,NA,NA,NA,NA,NA,NA,NA
625,"IRIS 313-8185","IRIS","JAP","GJ-trp","Italy","EUR",15.04,21190,NA,NA,NA,NA,NA,NA,NA,NA,NA,NA,NA
626,"IRIS 313-8204","IRIS","JAP","GJ-tmp","United_States","AME",15.33,21899,NA,NA,NA,NA,NA,NA,NA,NA,NA,NA,NA
627,"IRIS 313-8208","IRIS","JAP","GJ-tmp","Portugal","EUR",15.37,21507,NA,NA,NA,NA,NA,NA,NA,NA,NA,NA,NA
628,"IRIS 313-8293","IRIS","IND","XI-3","Senegal","AFR",24.2,19657,1,2,3,8.7,2.8,3,1,2.3,2,4.87519732320115,1
629,"IRIS 313-8305","IRIS","IND","XI-2","India","SAS",28.66,20350,1,1,5,9.6,3.2,4,1,3.2,2,4.43081679884331,2
630,"IRIS 313-8312","IRIS","IND","XI-3","Malaysia","SEA",28.76,20038,2,1,NA,8,3.3,4,2,2.1,1,5.08759633523238,1
631,"IRIS 313-8321","IRIS","AUS","cA","Bangladesh","SAS",16.96,20116,2,2,5,7.4,3.1,3,2,2.4,1,4.87519732320115,1
632,"IRIS 313-8323","IRIS","JAP","GJ-trp","United_States","AME",18.22,21081,NA,NA,NA,NA,NA,NA,NA,NA,NA,NA,NA
633,"IRIS 313-8326","IRIS","ARO","cB","India","SAS",43.13,20716,2,1,1,6.2,3.2,3,2,1.6,2,4.61512051684126,1
634,"IRIS 313-8332","IRIS","IND","XI-adm","India","SAS",16.05,19935,1,2,7,9.9,2.8,4,1,2.1,2,4.64439089914137,2
635,"IRIS 313-8341","IRIS","IND","XI-adm","Vietnam","SEA",22.35,18405,2,2,1,8.8,2.6,3,2,1.6,1,4.85981240436167,1
636,"IRIS 313-8349","IRIS","IND","XI-2","Bangladesh","SAS",16.13,19070,2,2,5,8.8,3.1,3,2,2.7,1,5.02388052084628,2
637,"IRIS 313-8356","IRIS","JAP","GJ-trp","Philippines","SEA",20.05,22278,2,1,3,8.3,3.8,3,1,3.8,2,4.47733681447821,1
638,"IRIS 313-8381","IRIS","JAP","GJ-trp","Malaysia","SEA",16.19,21265,2,1,5,8.4,3.9,3,1,3.3,2,4.67282883446191,2
639,"IRIS 313-8386","IRIS","IND","XI-adm","India","SAS",20.09,19818,1,2,3,9,3,4,1,2.6,1,4.62497281328427,1
640,"IRIS 313-8391","IRIS","IND","XI-2","Burkina_Faso","AFR",36.71,19684,NA,NA,NA,NA,NA,NA,NA,NA,NA,NA,NA
641,"IRIS 313-8407","IRIS","IND","XI-3","Malaysia","SEA",25.18,20556,NA,NA,NA,NA,NA,NA,NA,NA,NA,NA,NA
642,"IRIS 313-8436","IRIS","JAP","GJ-trp","Indonesia","SEA",18.67,21839,2,2,3,8.7,3.2,3,1,2.6,2,4.78749174278205,1
643,"IRIS 313-8453","IRIS","IND","XI-adm","India","SAS",21.36,19198,2,1,5,8.5,2.6,4,2,2,2,4.54329478227,2
644,"IRIS 313-8454","IRIS","IND","XI-1A","Taiwan","EAS",21.87,19001,2,1,1,8.1,3.1,3,2,2.3,1,4.46590811865458,1
645,"IRIS 313-8493","IRIS","IND","XI-3","Indonesia","SEA",37.45,20144,2,1,3,7.5,2.6,3,1,1.9,1,5.04985600724954,2
646,"IRIS 313-8530","IRIS","IND","XI-2","India","SAS",17.19,20055,2,2,5,8.1,3.4,4,1,2.1,2,4.79579054559674,1
647,"IRIS 313-8557","IRIS","IND","XI-3","Malaysia","SEA",21.41,18469,1,2,7,8.5,2.8,3,1,2.1,1,4.88280192258637,1
648,"IRIS 313-8568","IRIS","IND","XI-2","India","SAS",18.58,20821,1,1,5,8.2,3,3,1,2.1,1,4.43081679884331,2
649,"IRIS 313-8571","IRIS","IND","XI-3","Tanzania","AFR",15.94,18150,2,1,3,10.8,3.2,4,2,3.3,2,4.74493212836325,2
650,"IRIS 313-8585","IRIS","IND","XI-adm","India","SAS",15.75,18527,2,2,3,9.1,3.1,4,1,2.7,2,4.62497281328427,1
651,"IRIS 313-8586","IRIS","IND","XI-3","Thailand","SEA",20.94,19168,NA,2,7,9.3,3.5,NA,2,3.6,2,4.80402104473326,1
652,"IRIS 313-8595","IRIS","IND","XI-2","Madagascar","AFR",21.1,18382,2,1,3,10.3,2.9,4,2,3.1,2,4.56434819146784,NA
653,"IRIS 313-8606","IRIS","IND","XI-3","na","na",24.04,20056,2,2,5,8.4,2.9,4,1,2.1,1,4.9416424226093,2
654,"IRIS 313-8627","IRIS","JAP","GJ-trp","United_States","AME",16.07,21411,2,1,5,9.6,3.1,3,1,3,2,4.40671924726425,1
655,"IRIS 313-8641","IRIS","AUS","cA","Bangladesh","SAS",16.18,18354,1,1,1,9,2.6,3,1,1.9,2,4.27666611901606,2
656,"IRIS 313-8658","IRIS","JAP","GJ-adm","United_States","AME",16.12,22166,1,1,3,9,2.4,3,1,2.2,2,4.52178857704904,1
657,"IRIS 313-8659","IRIS","IND","XI-adm","Myanmar","SEA",18.22,19036,NA,NA,NA,NA,NA,NA,NA,NA,NA,NA,NA
658,"IRIS 313-8660","IRIS","IND","XI-2","Sri_Lanka","SAS",15.25,19547,2,1,5,7.4,3.1,3,2,2.5,2,4.35670882668959,2
659,"IRIS 313-8665","IRIS","JAP","GJ-tmp","United_States","AME",16,22395,1,1,5,8.3,3.2,2,1,2.7,2,4.34380542185368,2
660,"IRIS 313-8681","IRIS","IND","XI-3","Guinea","AFR",20,18612,NA,NA,NA,NA,NA,NA,NA,NA,NA,NA,NA
661,"IRIS 313-8687","IRIS","JAP","GJ-trp","Guinea-Bissau","AFR",15.59,22574,2,1,5,8.1,3.6,3,1,2.9,2,4.56434819146784,1
662,"IRIS 313-8690","IRIS","JAP","GJ-adm","Vietnam","SEA",15.66,21892,1,1,1,7.9,3.7,3,1,2.6,1,4.62497281328427,1
663,"IRIS 313-8703","IRIS","IND","XI-2","Bangladesh","SAS",29.29,18305,2,1,1,8.5,3.1,4,2,2.4,1,4.91265488573605,1
664,"IRIS 313-8725","IRIS","IND","XI-3","Indonesia","SEA",23.38,18364,1,2,5,7.8,2.5,4,1,1.7,2,4.76217393479776,2
665,"IRIS 313-8745","IRIS","JAP","GJ-trp","Haiti","AME",15.4,21978,2,1,5,9.4,3.2,3,1,2.7,2,4.40671924726425,1
666,"IRIS 313-8751","IRIS","IND","XI-3","Myanmar","SEA",17.89,19999,2,2,3,9.5,2.6,4,1,2.3,2,4.58496747867057,1
667,"IRIS 313-8755","IRIS","JAP","GJ-tmp","Japan","EAS",21.65,22413,1,1,5,7.4,3.5,3,1,2.6,2,4.23410650459726,1
668,"IRIS 313-8768","IRIS","JAP","GJ-trp","Ivory_Coast","AFR",18.67,20185,2,1,5,9.3,3.2,3,1,2.6,2,4.61512051684126,1
669,"IRIS 313-8803","IRIS","JAP","GJ-trp","United_States","AME",17.76,21763,2,1,1,9.6,2.4,4,1,1.9,2,4.54329478227,1
670,"IRIS 313-8864","IRIS","AUS","cA","Bangladesh","SAS",27.95,19626,2,2,3,8.3,3.7,3,1,2.6,1,4.11087386417331,2
671,"IRIS 313-8883","IRIS","JAP","GJ-adm","Malaysia","SEA",16.36,20825,NA,NA,NA,NA,NA,NA,NA,NA,NA,NA,NA
672,"IRIS 313-8909","IRIS","IND","XI-3","Tanzania","AFR",16.2,18303,2,1,5,9.8,2.7,4,2,2.4,1,4.92725368515721,2
673,"IRIS 313-8911","IRIS","ARO","admix","Thailand","SEA",26.76,19854,NA,NA,NA,NA,NA,NA,NA,NA,NA,NA,NA
674,"IRIS 313-8923","IRIS","JAP","GJ-trp","United_States","AME",20.86,21972,2,1,5,9.8,2.4,3,2,2.5,1,4.33073334028633,1
675,"IRIS 313-8924","IRIS","IND","XI-2","India","SAS",16.64,18527,1,1,3,8,3.1,3,2,2.3,2,4.62497281328427,1
676,"IRIS 313-8925","IRIS","IND","XI-2","Sri_Lanka","SAS",28.42,19879,1,2,3,8.4,3.1,3,1,2.3,1,4.56434819146784,2
677,"IRIS 313-8930","IRIS","IND","XI-1B","Bangladesh","SAS",26.31,19574,1,1,5,7.9,3,3,2,2.7,1,4.64439089914137,2
678,"IRIS 313-8935","IRIS","IND","XI-adm","India","SAS",18.42,17468,2,1,3,8.4,2.3,3,2,1.7,2,4.58496747867057,2
679,"IRIS 313-8940","IRIS","IND","XI-1A","China","EAS",18.29,18346,1,1,3,7.9,2.9,2,1,1.8,1,4.40671924726425,2
680,"IRIS 313-8948","IRIS","IND","XI-3","Philippines","SEA",32.14,19467,2,1,5,8.7,2.9,4,2,2.5,2,4.82028156560504,1
681,"IRIS 313-8967","IRIS","IND","XI-adm","India","SAS",17.77,18115,2,2,5,9.6,2.8,4,1,2.3,2,4.62497281328427,2
682,"IRIS 313-8982","IRIS","AUS","XI-adm","India","SAS",16.81,18185,2,2,7,8.7,2.8,4,2,2.5,2,4.4188406077966,1
683,"IRIS 313-8985","IRIS","IND","XI-3","Thailand","SEA",16.64,18640,2,2,3,8.2,2.9,3,2,2.6,1,4.89783979995091,2
684,"IRIS 313-8986","IRIS","AUS","XI-adm","India","SAS",20.48,18847,1,2,1,8.8,2.5,3,NA,2.3,2,4.40671924726425,2
685,"IRIS 313-8988","IRIS","IND","XI-2","India","SAS",23.44,18662,2,2,3,8.7,3,3,2,2.8,1,4.57471097850338,2
686,"IRIS 313-9020","IRIS","IND","XI-3","Thailand","SEA",31.87,19705,2,1,5,9.4,2.6,3,2,2.8,1,4.97673374242057,2
687,"IRIS 313-9023","IRIS","IND","XI-adm","India","SAS",28.99,19500,1,1,1,9.2,2.9,2,1,2.5,1,4.55387689160054,1
688,"IRIS 313-9039","IRIS","IND","XI-2","Sri_Lanka","SAS",22.11,20109,2,1,3,5.7,3,4,2,1.7,1,4.7361984483945,2
689,"IRIS 313-9048","IRIS","JAP","GJ-sbtrp","Bhutan","SAS",16.36,22251,1,2,5,7,2.9,3,2,2.1,2,4.49980967033027,2
690,"IRIS 313-9066","IRIS","IND","XI-1B","Bangladesh","SAS",37.93,19842,2,2,NA,9.4,2.9,3,1,2.5,2,4.35670882668959,2
691,"IRIS 313-9067","IRIS","IND","XI-2","Bangladesh","SAS",22.51,19793,2,2,5,9.9,3.3,2,1,2.1,2,4.63472898822964,1
692,"IRIS 313-9112","IRIS","IND","XI-3","Thailand","SEA",22.87,18149,2,1,3,9.8,2.7,4,2,2.4,1,4.87519732320115,1
693,"IRIS 313-9116","IRIS","IND","XI-3","Thailand","SEA",18.58,20291,2,1,1,10,3,4,2,3,1,5.01727983681492,1
694,"IRIS 313-9117","IRIS","IND","XI-3","Indonesia","SEA",16.34,20121,2,1,5,8.3,2.7,4,2,2.2,1,5.0998664278242,2
695,"IRIS 313-9121","IRIS","IND","XI-2","Thailand","SEA",19.67,18344,2,2,5,10,3.1,3,1,3,1,4.88280192258637,2
696,"IRIS 313-9131","IRIS","IND","XI-3","Vietnam","SEA",15.39,19755,2,2,5,9.3,2.9,3,2,2.5,NA,5.11198778835654,2
697,"IRIS 313-9148","IRIS","IND","XI-2","Bangladesh","SAS",30.41,18256,2,2,3,7.8,3.2,4,1,2.4,1,4.70953020131233,2
698,"IRIS 313-9156","IRIS","IND","XI-2","Bangladesh","SAS",17.78,19573,1,2,5,9.2,2.5,3,1,2.1,2,4.69134788222914,2
699,"IRIS 313-9160","IRIS","IND","XI-3","Senegal","AFR",24.24,20209,2,2,5,8.8,2.6,4,2,1.9,2,4.88280192258637,1
700,"IRIS 313-9182","IRIS","IND","XI-adm","Myanmar","SEA",23.09,17914,1,1,3,NA,NA,2,2,NA,1,4.71849887129509,2
701,"IRIS 313-9198","IRIS","IND","XI-3","Laos","SEA",18.74,18652,NA,NA,NA,NA,NA,NA,NA,NA,NA,NA,NA
702,"IRIS 313-9228","IRIS","JAP","GJ-tmp","Japan","EAS",16.01,22706,1,1,5,7.3,3.3,2,1,2.7,2,4.27666611901606,1
703,"IRIS 313-9262","IRIS","IND","XI-2","Bangladesh","SAS",27.59,18467,1,2,3,8.9,2.9,3,1,2.2,1,4.63472898822964,1
704,"IRIS 313-9294","IRIS","IND","XI-2","Gambia","AFR",33.09,20304,2,1,3,8.6,2.5,2,2,2.5,2,4.95582705760126,2
705,"IRIS 313-9320","IRIS","IND","XI-3","Indonesia","SEA",15.58,17160,2,2,3,8.9,3.3,4,1,2.8,2,4.55387689160054,1
706,"IRIS 313-9324","IRIS","IND","XI-1A","China","EAS",16.17,17110,2,2,3,8.3,2.8,3,2,2.4,2,4.40671924726425,1
707,"IRIS 313-9372","IRIS","IND","XI-1A","China","EAS",17.64,17363,2,1,1,7.8,3.2,2,2,2.4,2,4.49980967033027,1
708,"IRIS 313-9379","IRIS","JAP","GJ-tmp","South_Korea","EAS",19.74,22280,1,1,5,6.7,3.4,2,1,2,2,4.38202663467388,1
709,"IRIS 313-9384","IRIS","IND","XI-2","India","SAS",19.04,18165,1,1,3,8,2.1,3,1,1.3,1,4.43081679884331,2
710,"IRIS 313-9406","IRIS","IND","XI-3","Thailand","SEA",15.33,19866,NA,NA,NA,NA,NA,NA,NA,NA,NA,NA,NA
711,"IRIS 313-9409","IRIS","IND","XI-3","Malaysia","SEA",24.99,19942,2,1,5,9.6,2.7,4,2,2.4,1,5.11198778835654,1
712,"IRIS 313-9422","IRIS","AUS","cA","Bangladesh","SAS",17.39,20070,1,2,3,7.2,2.7,3,1,2,2,4.17438726989564,2
713,"IRIS 313-9427","IRIS","IND","XI-adm","India","SAS",17.42,18538,1,1,1,8.9,2.6,3,2,2.5,2,4.52178857704904,1
714,"IRIS 313-9449","IRIS","AUS","cA","Pakistan","SAS",17.57,17514,2,1,5,8.9,2.8,3,2,2.4,2,4.40671924726425,1
715,"IRIS 313-9464","IRIS","IND","admix","Surinam","AME",16.46,21490,1,1,1,11.8,2.8,3,1,3.4,1,4.40671924726425,1
716,"IRIS 313-9469","IRIS","IND","XI-1A","China","EAS",15.23,20903,2,2,1,8.6,3.4,3,2,2.8,1,4.40671924726425,1
717,"IRIS 313-9470","IRIS","JAP","GJ-trp","Indonesia","SEA",20.35,22372,2,1,5,7.9,2.9,3,2,2,2,4.75359019110636,2
718,"IRIS 313-9472","IRIS","IND","XI-adm","Sri_Lanka","SAS",16.54,20788,2,1,5,8.5,3.2,3,2,2.8,1,4.79579054559674,2
719,"IRIS 313-9523","IRIS","JAP","GJ-adm","Japan","EAS",17.89,21581,2,1,5,7.6,3.6,2,1,2.5,2,4.23410650459726,1
720,"IRIS 313-9570","IRIS","IND","XI-adm","China","EAS",17.79,20623,1,1,3,9.5,3,2,2,2.9,1,4.45434729625351,1
721,"IRIS 313-9590","IRIS","IND","XI-3","Indonesia","SEA",24.92,20353,2,2,5,8.4,2.8,4,1,2,1,4.60517018598809,2
722,"IRIS 313-9594","IRIS","IND","XI-adm","Bangladesh","SAS",15.29,20730,2,1,3,7.5,3,3,2,2.6,1,4.7361984483945,2
723,"IRIS 313-9602","IRIS","IND","XI-adm","Thailand","SEA",22.83,19282,2,1,5,10.1,3,4,2,3,2,4.60517018598809,2
724,"IRIS 313-9605","IRIS","IND","XI-1A","India","SAS",15.95,20757,NA,2,5,7.9,3,NA,2,2.2,1,4.43081679884331,1
725,"IRIS 313-9626","IRIS","AUS","cA","Bangladesh","SAS",15.68,20576,1,2,5,8.9,3.1,3,1,2.4,1,4.34380542185368,2
726,"IRIS 313-9701","IRIS","JAP","GJ-tmp","Taiwan","EAS",18.13,22679,1,1,1,7.2,3.3,3,1,2.6,2,4.43081679884331,1
727,"IRIS 313-9790","IRIS","JAP","GJ-tmp","Uruguay","AME",17.22,22019,2,1,5,8.3,3.3,2,1,2.8,1,4.24849524204936,1
728,"IRIS 313-9917","IRIS","IND","XI-1B","Sri_Lanka","SAS",19.37,21548,NA,2,1,7.8,2.8,NA,2,2,1,4.31748811353631,1
729,"IRIS 313-9922","IRIS","IND","XI-1B","South_Korea","EAS",18.08,21487,1,1,3,8,2.9,2,2,2.5,2,4.38202663467388,1
730,"IRIS 313-9935","IRIS","IND","XI-2","Guyana","AME",16.68,20690,1,2,5,8,2.5,3,2,1.9,1,4.86753445045558,1
731,"IRIS 313-9936","IRIS","IND","XI-2","Sri_Lanka","SAS",15.37,21437,2,2,5,7.6,2.5,3,2,1.7,1,4.94875989037817,2
732,"IRIS 313-9937","IRIS","JAP","GJ-tmp","Italy","EUR",17.15,22050,1,1,5,9.8,3.3,3,1,2.8,1,4.33073334028633,1
733,"IRIS 313-9944","IRIS","IND","XI-adm","Solomon_Islands","OCE",15.73,20601,1,1,3,8.8,3.2,3,2,2.5,2,4.59511985013459,1
734,"IRIS 313-9961","IRIS","JAP","GJ-tmp","Norway","EUR",16.49,18998,1,1,5,8.9,3.3,2,2,2.7,2,4.18965474202643,1
735,"IRIS 313-9963","IRIS","AUS","cA","Sri_Lanka","SAS",15.59,20208,NA,NA,NA,NA,NA,NA,NA,NA,NA,NA,NA
736,"IRIS 313-9966","IRIS","IND","XI-1B","Colombia","AME",19,21408,1,1,1,9.8,2.6,3,2,2.5,1,4.58496747867057,2
737,"IRIS 313-9968","IRIS","IND","XI-adm","Sri_Lanka","SAS",15.06,21120,1,2,1,8,3.4,3,2,3,1,4.72738781871234,2
738,"IRIS 313-9996","IRIS","JAP","GJ-tmp","South_Korea","EAS",15.1,22660,1,1,5,7.1,2.9,1,1,2.6,2,4.21950770517611,1
