Variety,Group,Status,Country,Culm.diameter...1st.internode,culm.strength,flag.leaf.angle,grain.length,grain.width,leaf.length,leaf.senescence,Grain.weight,Salt.injury.at.EC12,Time.to.flowering..from.sowing,panicle.threshability
IRIS 313-10000,IND,I,South_Korea,1,1,1,8.2,3.1,2,1,2.6,1,4.430816799,1
IRIS 313-10010,IND,T,Fiji,2,2,5,8,3.1,3,2,2.2,1,4.912654886,2
IRIS 313-10020,AUS,T,Sri_Lanka,1,2,3,7.9,2.7,3,2,2,2,4.59511985,1
IRIS 313-10026,IND,NA,Madagascar,1,1,3,8.3,2.7,3,2,2.1,2,4.553876892,2
IRIS 313-10059,JAP,NA,South_Korea,1,1,3,7.5,3.3,2,1,2.7,1,4.290459441,1
IRIS 313-10078,JAP,T,Japan,1,1,3,9.1,3.8,2,1,3.3,2,4.356708827,1
IRIS 313-10097,JAP,T,South_Korea,1,1,5,7.1,3.5,2,1,1.8,2,4.110873864,2
IRIS 313-10109,IND,T,Nigeria,2,1,1,10.2,3.1,3,2,3.2,1,4.762173935,1
IRIS 313-10114,IND,I,Burundi,2,1,3,8.5,2.7,3,2,2.7,2,4.430816799,2
IRIS 313-10134,IND,NA,Thailand,2,2,3,9.8,2.8,3,1,2.7,1,4.941642423,2
IRIS 313-10158,IND,NA,Ecuador,1,1,5,10.2,2.8,4,2,2.6,2,4.882801923,2
IRIS 313-10171,IND,NA,China,1,1,1,8.9,3.1,2,2,2.9,1,4.521788577,1
IRIS 313-10177,IND,NA,China,2,2,5,7.6,3.1,4,2,2,1,4.59511985,1
IRIS 313-10179,IND,NA,China,1,1,5,8.4,2.8,3,2,2.3,1,4.418840608,1
IRIS 313-10189,IND,NA,China,1,1,3,7.4,3,3,2,2.2,2,4.521788577,2
IRIS 313-10221,IND,NA,China,2,1,3,7.7,2.8,2,2,2.1,1,4.276666119,1
IRIS 313-10228,JAP,NA,China,2,1,5,6.6,3.1,4,2,1.9,2,4.406719247,1
IRIS 313-10235,IND,I,Philippines,2,1,1,10.1,2.7,3,2,3.2,1,4.644390899,2
IRIS 313-10237,IND,I,Philippines,NA,NA,NA,NA,NA,NA,NA,NA,NA,NA,NA
IRIS 313-10260,IND,NA,Paraguay,NA,2,5,9,2.4,NA,2,2.1,2,4.605170186,1
IRIS 313-10301,IND,I,Brazil,NA,2,5,10,2.4,NA,2,2.1,1,4.406719247,1
IRIS 313-10327,JAP,NA,Peru,NA,NA,NA,NA,NA,NA,NA,NA,2,NA,NA
IRIS 313-10332,IND,I,Indonesia,NA,2,3,8.5,2.6,NA,2,2.4,2,4.672828834,1
IRIS 313-10333,IND,I,Indonesia,NA,2,3,7.7,2.8,NA,2,2.4,2,4.430816799,1
IRIS 313-10337,IND,I,Indonesia,NA,2,7,8.4,2.9,NA,2,2.7,2,4.553876892,1
IRIS 313-10352,IND,I,Colombia,NA,2,3,9.1,2.5,NA,2,2.9,1,4.430816799,1
IRIS 313-10392,IND,I,Philippines,NA,2,1,9.2,2.3,NA,2,2.2,2,4.736198448,1
IRIS 313-10394,IND,I,Philippines,NA,2,7,8.7,2.9,NA,2,2.1,1,4.543294782,1
IRIS 313-10397,IND,I,Colombia,NA,2,3,10,2.2,NA,2,2.2,1,4.343805422,1
IRIS 313-10423,IND,NA,Myanmar,NA,2,7,8.6,2.9,NA,2,3.4,2,4.465908119,1
IRIS 313-10440,JAP,NA,Philippines,NA,2,7,7.2,3.4,NA,2,2.4,1,4.521788577,1
IRIS 313-10458,IND,P,China,2,2,5,7.8,3.2,3,2,2,1,4.248495242,1
IRIS 313-10469,JAP,I,Japan,1,1,5,7.5,3.6,2,1,2.8,1,4.317488114,1
IRIS 313-10477,IND,NA,China,2,1,1,8.4,3,3,2,2.3,1,4.382026635,1
IRIS 313-10503,IND,NA,China,2,1,3,8.8,3,3,2,2.1,2,4.382026635,1
IRIS 313-10509,IND,NA,Africa,2,1,1,8.1,2.6,4,2,1.4,2,4.8978398,1
IRIS 313-10511,IND,T,Philippines,NA,2,5,9.2,2.6,NA,2,2.7,1,4.844187086,1
IRIS 313-10515,IND,I,Taiwan,2,2,1,7.4,3.1,3,2,2.2,1,4.465908119,1
IRIS 313-10518,IND,NA,Myanmar,2,2,1,8.5,3.8,5,2,2.8,1,4.753590191,1
IRIS 313-10519,IND,P,India,2,1,5,7.1,2.7,5,2,2.9,NA,5.017279837,1
IRIS 313-10524,IND,NA,na,NA,NA,NA,NA,NA,NA,NA,NA,NA,NA,NA
IRIS 313-10526,IND,NA,India,NA,NA,NA,NA,NA,NA,NA,NA,NA,NA,NA
IRIS 313-10534,AUS,P,India,1,2,5,8.1,3,3,2,2.3,2,4.248495242,1
IRIS 313-10541,JAP,P,Guinea-Bissau,2,2,3,9.6,2.7,3,2,2.4,2,4.418840608,1
IRIS 313-10542,IND,NA,India,2,2,1,8,3.3,3,2,2.5,1,4.418840608,1
IRIS 313-10544,IND,NA,India,2,2,1,7.8,3.2,3,2,2.4,2,4.248495242,1
IRIS 313-10547,IND,P,Myanmar,2,1,1,8.7,3.5,4,2,2.9,1,4.94875989,1
IRIS 313-10550,IND,i,Indonesia,2,2,5,9.7,2.8,4,2,2.7,NA,4.770684624,1
IRIS 313-10560,IND,NA,China,2,1,1,8.3,3.3,3,2,2.1,1,4.584967479,1
IRIS 313-10561,IND,NA,China,2,1,1,8.6,3.3,3,2,2.6,1,4.477336814,1
IRIS 313-10563,JAP,P,na,1,1,5,9.5,3.4,2,1,3.2,2,4.394449155,1
IRIS 313-10564,JAP,P,Japan,1,2,3,7.4,3.4,3,1,2.4,2,4.430816799,1
IRIS 313-10570,JAP,NA,Japan,1,1,5,7.5,3.5,2,1,2.6,1,4.532599493,1
IRIS 313-10576,IND,NA,Sierra_Leone,2,1,1,10.3,3.1,4,2,3,1,4.770684624,1
IRIS 313-10577,JAP,T,Philippines,2,1,5,9.6,3.8,5,1,2.1,2,4.682131227,1
IRIS 313-10578,JAP,T,Philippines,NA,2,7,9,3.6,NA,2,2.9,1,4.691347882,1
IRIS 313-10582,JAP,T,Philippines,2,1,5,9.4,3.8,4,1,2.5,1,4.682131227,1
IRIS 313-10602,AUS,P,Bangladesh,2,1,1,8,3.4,3,2,2.4,2,4.510859507,1
IRIS 313-10603,AUS,P,Bangladesh,2,1,5,8.5,3.2,3,2,2.8,2,4.510859507,1
IRIS 313-10605,AUS,P,Bangladesh,2,1,1,8.1,3.2,3,2,2.5,1,4.510859507,1
IRIS 313-10609,IND,T,Sri_Lanka,2,1,1,8.2,3.2,4,2,2.2,1,4.691347882,1
IRIS 313-10614,IND,NA,Hong_Kong,2,1,1,8.5,3.2,4,2,3.1,1,4.615120517,1
IRIS 313-10617,JAP,NA,na,1,1,5,7.9,3.7,2,1,2.4,1,4.477336814,1
IRIS 313-10623,AUS,NA,Nepal,1,2,5,8.7,3,3,1,2.3,1,4.304065093,2
IRIS 313-10628,IND,T,India,2,2,5,8.9,2.6,4,1,2.1,1,4.844187086,2
IRIS 313-10642,JAP,P,Japan,1,1,3,7.6,3.4,2,1,2.6,1,4.394449155,1
IRIS 313-10652,IND,T,Laos,2,2,3,9.6,2.9,4,1,2.6,1,4.465908119,2
IRIS 313-10654,IND,P,Laos,1,1,5,10.8,2.9,3,1,2.2,2,4.33073334,2
IRIS 313-10657,JAP,NA,Laos,2,2,5,8.7,3.2,4,1,3,NA,4.304065093,1
IRIS 313-10664,IND,NA,India,1,2,1,8.2,2.7,3,1,2.1,2,4.574710979,1
IRIS 313-10666,IND,NA,India,1,2,3,9.8,2.9,3,1,1.5,2,4.574710979,1
IRIS 313-10671,AUS,NA,India,1,2,5,8.7,2.8,4,1,2,2,4.418840608,2
IRIS 313-10675,AUS,T,India,1,2,5,8.7,2.8,3,1,2.7,2,4.33073334,2
IRIS 313-10677,JAP,P,Japan,1,1,1,7.4,3.3,3,1,2.3,2,4.204692619,1
IRIS 313-10682,IND,T,Laos,2,1,1,8.6,3.7,3,1,2.7,1,4.718498871,1
IRIS 313-10687,IND,T,Malaysia,NA,NA,NA,NA,NA,NA,NA,NA,NA,NA,NA
IRIS 313-10688,IND,T,Malaysia,2,2,5,8.2,2.7,3,1,2.5,NA,4.96284463,1
IRIS 313-10693,JAP,T,Indonesia,2,1,7,8.9,3.3,3,1,3.6,2,4.718498871,1
IRIS 313-10697,IND,T,Malaysia,NA,NA,NA,NA,NA,NA,NA,NA,NA,NA,NA
IRIS 313-10703,JAP,T,Malaysia,2,1,5,9.2,3.1,3,1,2.8,2,4.510859507,1
IRIS 313-10706,IND,T,Malaysia,NA,NA,NA,NA,NA,NA,NA,NA,NA,NA,NA
IRIS 313-10707,IND,T,Malaysia,NA,NA,NA,NA,NA,NA,NA,NA,NA,NA,NA
IRIS 313-10710,JAP,T,Surinam,2,2,3,8,3.4,3,1,2.9,2,4.510859507,1
IRIS 313-10712,JAP,NA,Ivory_Coast,2,1,3,9.6,3.7,3,1,3.4,1,4.510859507,1
IRIS 313-10718,AUS,T,Sri_Lanka,1,2,3,7.3,2.9,3,1,2.2,2,4.343805422,2
IRIS 313-10723,IND,NA,Senegal,2,2,3,8.1,2.8,4,1,2.4,2,4.779123493,1
IRIS 313-10725,IND,NA,Senegal,2,2,3,8.7,3.4,4,1,3.1,1,4.584967479,1
IRIS 313-10726,IND,NA,Senegal,2,2,3,9.2,2.5,4,1,2.1,1,4.779123493,1
IRIS 313-10727,IND,NA,Senegal,NA,NA,NA,NA,NA,NA,NA,NA,NA,NA,NA
IRIS 313-10728,IND,NA,Senegal,1,2,1,7.9,3.2,4,1,2.5,1,4.836281907,1
IRIS 313-10733,IND,NA,Nepal,1,2,5,9.6,3,3,1,2.2,2,4.510859507,2
IRIS 313-10744,JAP,T,Indonesia,1,1,5,6.9,3.2,3,1,2.3,1,4.744932128,1
IRIS 313-10748,IND,T,Vietnam,1,2,5,8.6,2.6,3,1,2,1,4.234106505,1
IRIS 313-10756,IND,I,India,1,2,1,7.6,2.9,2,1,2.1,1,4.290459441,1
IRIS 313-10762,IND,T,Indonesia,2,2,7,8.4,3,3,1,2.9,2,4.709530201,1
IRIS 313-10771,ADM,T,Indonesia,NA,NA,NA,NA,NA,NA,NA,NA,NA,NA,NA
IRIS 313-10774,IND,T,Indonesia,2,2,3,9.5,3,3,1,2.6,2,4.709530201,1
IRIS 313-10778,IND,T,Indonesia,NA,NA,NA,NA,NA,NA,NA,NA,NA,NA,NA
IRIS 313-10779,IND,T,Indonesia,1,2,5,9.5,2.3,3,1,2.3,2,4.744932128,2
IRIS 313-10786,ADM,T,Indonesia,NA,NA,NA,NA,NA,NA,NA,NA,NA,NA,NA
IRIS 313-10787,ADM,T,Indonesia,NA,NA,NA,NA,NA,NA,NA,NA,NA,NA,NA
IRIS 313-10789,JAP,T,Indonesia,1,2,7,9.6,3.1,4,1,3.4,1,4.663439094,1
IRIS 313-10793,JAP,T,Indonesia,2,2,5,7.8,3.6,4,1,2.5,2,4.382026635,1
IRIS 313-10794,JAP,T,Indonesia,2,1,5,8.6,3,4,1,2.1,2,4.477336814,1
IRIS 313-10797,IND,T,Indonesia,2,2,5,9.8,2.7,4,1,2.7,1,4.744932128,2
IRIS 313-10798,JAP,T,Indonesia,1,1,5,6.9,3.5,3,1,2.2,NA,4.382026635,1
IRIS 313-10802,JAP,T,Indonesia,NA,NA,NA,NA,NA,NA,NA,NA,NA,NA,NA
IRIS 313-10805,JAP,T,Indonesia,2,1,5,8.3,3.4,3,1,2.6,2,4.59511985,1
IRIS 313-10806,IND,T,Indonesia,1,2,5,8.9,2.8,3,1,2.2,NA,4.787491743,1
IRIS 313-10810,IND,T,Indonesia,2,2,5,9.6,3.3,4,1,2.7,NA,4.663439094,1
IRIS 313-10813,IND,T,Indonesia,NA,NA,NA,NA,NA,NA,NA,NA,NA,NA,NA
IRIS 313-10814,IND,T,Indonesia,2,1,3,9.6,2.6,4,1,2.3,1,4.744932128,1
IRIS 313-10816,JAP,T,Indonesia,1,2,5,8.5,3.6,3,1,2.8,1,4.787491743,1
IRIS 313-10820,IND,T,Indonesia,2,2,3,8.5,3.1,3,1,2.6,2,4.663439094,1
IRIS 313-10822,IND,T,Indonesia,2,2,5,6.6,3.2,4,1,2,1,4.787491743,1
IRIS 313-10824,IND,T,Indonesia,2,2,5,9.3,2.7,4,1,2.6,2,4.682131227,1
IRIS 313-10825,IND,NA,na,2,2,5,8.2,3,4,1,2.6,1,4.682131227,2
IRIS 313-10827,JAP,T,Philippines,1,2,5,8.7,2.9,3,1,2.2,2,4.343805422,1
IRIS 313-10834,JAP,I,India,1,2,5,8.9,3.2,2,2,2.4,2,4.304065093,1
IRIS 313-10835,IND,I,India,1,2,3,8.3,3,4,1,2.2,1,4.248495242,2
IRIS 313-10840,JAP,T,South_Korea,1,2,5,6.6,3.3,2,1,2.4,2,4.094344562,2
IRIS 313-10845,AUS,NA,India,1,2,5,8.4,3,3,1,2.4,2,4.770684624,2
IRIS 313-10847,IND,NA,India,2,2,1,8.4,3.4,4,1,2.8,1,4.86753445,1
IRIS 313-10850,ADM,NA,India,2,1,7,8.4,3.8,4,1,2.8,2,4.394449155,1
IRIS 313-10851,ARO,NA,India,2,2,3,8.4,3,3,1,2.3,NA,4.86753445,1
IRIS 313-10852,AUS,NA,India,2,2,1,7.2,3.5,3,1,2.1,2,4.127134385,1
IRIS 313-10857,AUS,NA,India,1,2,1,10.3,2,3,1,2.5,1,4.454347296,2
IRIS 313-10858,AUS,NA,India,1,2,3,9.1,2.9,4,1,2.1,1,4.454347296,1
IRIS 313-10859,AUS,NA,India,2,2,NA,7.6,2.4,3,1,1.6,2,4.394449155,2
IRIS 313-10861,AUS,NA,India,2,2,5,8.1,3.3,3,1,2.4,2,4.219507705,1
IRIS 313-10863,IND,NA,India,2,2,5,8.7,3.1,4,1,2.6,2,4.836281907,1
IRIS 313-10870,JAP,NA,India,2,1,5,5.7,3.1,4,1,1.7,1,4.394449155,1
IRIS 313-10871,AUS,NA,India,2,2,3,8.3,3.2,4,1,2.1,2,4.248495242,2
IRIS 313-10872,ADM,NA,India,1,2,7,9.3,3.1,3,1,2.6,2,4.343805422,1
IRIS 313-10883,ARO,NA,India,1,2,5,10.8,2.9,3,1,2.7,2,4.454347296,1
IRIS 313-10888,JAP,NA,India,1,1,7,10.1,3.3,3,1,2.6,2,4.248495242,1
IRIS 313-10889,JAP,NA,India,NA,NA,NA,NA,NA,NA,NA,NA,NA,NA,NA
IRIS 313-10891,AUS,NA,India,2,2,5,7.7,2.8,4,1,1.6,2,4.394449155,2
IRIS 313-10892,AUS,NA,India,1,2,3,7.4,2.7,3,1,1.5,2,4.248495242,1
IRIS 313-10894,AUS,NA,India,2,2,3,9.2,3.1,5,1,2.6,2,4.394449155,1
IRIS 313-10895,JAP,NA,India,2,2,5,6.7,2.5,4,1,1.2,2,4.394449155,2
IRIS 313-10900,IND,T,Cambodia,2,2,5,8.6,3.1,4,1,2.3,2,4.934473933,2
IRIS 313-10912,IND,T,Cambodia,NA,NA,NA,NA,NA,NA,NA,NA,NA,NA,NA
IRIS 313-10916,JAP,T,Cambodia,NA,NA,NA,NA,NA,NA,NA,NA,NA,NA,NA
IRIS 313-10918,ADM,T,Philippines,2,1,5,8.7,3.9,3,2,2.8,NA,4.770684624,1
IRIS 313-10921,IND,NA,Laos,2,1,3,9,3.1,3,2,2.7,2,4.430816799,1
IRIS 313-10922,JAP,NA,Laos,2,1,5,9.9,3.9,3,2,3.9,1,4.672828834,1
IRIS 313-10923,JAP,T,Thailand,2,1,3,9.8,3.6,3,1,3.2,1,4.663439094,1
IRIS 313-10927,AUS,T,Nepal,2,2,3,8.8,3.4,4,1,2.4,1,4.553876892,2
IRIS 313-10928,IND,T,Thailand,1,2,5,9.6,2.5,3,1,2.4,2,4.204692619,1
IRIS 313-10930,AUS,P,Bangladesh,2,2,3,7.5,3.2,2,1,2.8,1,4.382026635,2
IRIS 313-10936,JAP,NA,Indonesia,2,2,5,9.9,2.8,4,1,2.3,2,4.744932128,1
IRIS 313-10937,IND,T,Indonesia,2,2,3,7.8,3.4,4,1,2.5,NA,4.96284463,1
IRIS 313-10938,IND,T,Indonesia,NA,NA,NA,NA,NA,NA,NA,NA,NA,NA,NA
IRIS 313-10941,IND,NA,Indonesia,2,2,5,9.9,2.9,3,1,2,1,4.682131227,1
IRIS 313-10942,IND,T,Indonesia,1,1,1,8.9,2.9,3,1,2.3,1,4.787491743,1
IRIS 313-10944,IND,T,Indonesia,2,2,3,8.8,3.1,4,1,1.9,1,4.8978398,1
IRIS 313-10948,ADM,NA,Indonesia,2,1,7,8.5,2.7,5,2,2.3,2,4.718498871,1
IRIS 313-10949,JAP,NA,Indonesia,2,1,3,7.7,3.7,4,1,2.9,1,4.532599493,1
IRIS 313-10954,IND,T,Indonesia,2,2,5,8.4,3.2,4,1,3,1,4.744932128,1
IRIS 313-10960,JAP,T,Indonesia,2,2,5,8.9,2.7,4,1,2.3,2,4.634728988,1
IRIS 313-10961,IND,T,Indonesia,NA,NA,NA,NA,NA,NA,NA,NA,NA,NA,NA
IRIS 313-10965,AUS,T,Bangladesh,1,2,5,8.7,2.6,4,1,2.2,1,4.219507705,1
IRIS 313-10968,IND,NA,Brazil,1,2,3,8.2,3.1,3,1,2.5,2,4.219507705,1
IRIS 313-10975,IND,T,Bangladesh,NA,NA,NA,NA,NA,NA,NA,NA,NA,NA,NA
IRIS 313-10980,IND,T,Bangladesh,2,2,3,8.5,3,3,1,2.9,2,4.394449155,2
IRIS 313-10984,IND,T,Bangladesh,1,2,3,8.6,3.4,4,1,3,2,4.49980967,1
IRIS 313-10986,IND,T,Bangladesh,1,2,5,8.2,3.3,4,1,2.3,2,4.49980967,2
IRIS 313-10988,IND,P,India,1,2,5,9.1,2.9,2,1,2.4,1,4.343805422,2
IRIS 313-10990,IND,T,Philippines,2,2,5,7.5,3.5,4,1,2.6,2,4.442651256,1
IRIS 313-10994,JAP,T,Philippines,1,2,5,8.9,3.3,4,1,2.6,NA,4.564348191,1
IRIS 313-10995,IND,T,Indonesia,1,2,5,7.8,3.1,4,1,2.6,1,4.762173935,2
IRIS 313-10997,IND,T,Indonesia,1,2,5,9,2.9,4,1,2,1,4.700480366,2
IRIS 313-10999,JAP,T,Indonesia,2,2,5,9.5,3,3,1,2.8,1,4.219507705,1
IRIS 313-11005,JAP,T,Indonesia,2,2,5,9,3.4,4,1,2.6,1,4.700480366,2
IRIS 313-11007,JAP,T,Indonesia,2,2,5,8.3,3.5,4,1,2.7,1,4.700480366,1
IRIS 313-11016,AUS,T,Bangladesh,1,2,5,8.1,2.7,3,2,1.9,2,4.406719247,1
IRIS 313-11024,AUS,T,Pakistan,2,2,3,9.9,3,3,1,3,2,4.356708827,1
IRIS 313-11027,AUS,T,Pakistan,1,1,1,7.3,2,3,2,1.2,2,4.356708827,2
IRIS 313-11032,ARO,T,Pakistan,2,2,3,9.6,2.4,3,2,2.4,1,4.574710979,2
IRIS 313-11033,IND,NA,Pakistan,1,2,5,9.6,3,4,1,2.7,NA,4.356708827,2
IRIS 313-11034,AUS,NA,Pakistan,1,2,1,8.7,2.5,3,1,1.8,1,4.276666119,2
IRIS 313-11035,AUS,NA,Pakistan,1,2,5,10,2.1,4,1,1.2,1,4.430816799,1
IRIS 313-11037,AUS,T,Pakistan,1,2,5,8,2.8,2,1,2.1,1,4.356708827,1
IRIS 313-11038,IND,P,China,1,1,1,9,3.2,2,1,2.6,1,4.127134385,1
IRIS 313-11039,IND,I,China,1,1,1,7.2,3.2,2,2,2.5,1,4.248495242,1
IRIS 313-11040,IND,NA,India,NA,NA,NA,NA,NA,NA,NA,NA,NA,NA,NA
IRIS 313-11042,IND,NA,India,NA,NA,NA,NA,NA,NA,NA,NA,NA,NA,NA
IRIS 313-11043,IND,NA,Malaysia,NA,NA,NA,NA,NA,NA,NA,NA,NA,NA,NA
IRIS 313-11044,JAP,NA,Malaysia,1,2,3,8.2,3.7,4,1,2.9,1,4.700480366,2
IRIS 313-11045,JAP,NA,Malaysia,2,2,5,8.3,3.6,4,1,2.7,2,4.700480366,2
IRIS 313-11046,JAP,NA,Malaysia,NA,NA,NA,NA,NA,NA,NA,NA,NA,NA,NA
IRIS 313-11047,AUS,P,Bangladesh,1,2,3,7.7,3.1,3,1,2.1,1,4.219507705,2
IRIS 313-11048,AUS,P,Bangladesh,2,2,3,8.7,3.2,3,1,3,1,4.219507705,1
IRIS 313-11049,AUS,P,Bangladesh,2,2,3,8.2,3,3,1,2.4,2,4.127134385,2
IRIS 313-11050,AUS,P,Bangladesh,1,2,5,8.2,3,3,1,2.5,2,4.219507705,2
IRIS 313-11051,AUS,P,Bangladesh,1,2,3,8.2,3,3,1,2.3,2,4.219507705,1
IRIS 313-11052,AUS,P,Bangladesh,1,2,3,7.5,3.2,3,1,2.3,2,4.219507705,2
IRIS 313-11053,AUS,P,Bangladesh,2,2,3,7.9,3.4,3,1,2.7,2,4.219507705,1
IRIS 313-11054,AUS,P,Bangladesh,1,2,3,8.1,3.2,3,1,2.7,2,4.219507705,2
IRIS 313-11055,AUS,P,Bangladesh,1,2,1,7.5,3.3,4,1,2.4,1,4.219507705,2
IRIS 313-11056,AUS,P,Bangladesh,1,2,1,9.6,3.2,3,1,2.7,2,4.219507705,1
IRIS 313-11057,AUS,P,Bangladesh,1,2,5,8.2,3.1,3,1,2.5,2,4.127134385,2
IRIS 313-11058,AUS,P,Bangladesh,2,2,3,8.6,3.2,3,1,2.6,2,4.276666119,2
IRIS 313-11059,AUS,P,Bangladesh,1,2,5,9,3.3,3,1,3,2,4.219507705,1
IRIS 313-11062,ARO,P,Bangladesh,1,2,5,5.7,2.9,3,1,1.4,2,4.219507705,2
IRIS 313-11063,AUS,P,Bangladesh,1,2,5,7.9,2.9,3,1,2.3,NA,4.219507705,2
IRIS 313-11064,AUS,P,Bangladesh,1,2,5,7.8,3,2,1,2.1,1,4.127134385,1
IRIS 313-11066,ARO,P,Bangladesh,1,2,5,7.3,3.4,3,1,2.5,1,4.127134385,1
IRIS 313-11079,IND,T,Laos,1,2,5,9.7,3.1,3,1,3,1,4.718498871,2
IRIS 313-11081,IND,T,Laos,2,2,5,10.4,3.7,4,1,3.7,1,4.779123493,2
IRIS 313-11083,IND,T,Laos,2,2,5,8.4,3.5,4,2,2.8,1,4.779123493,2
IRIS 313-11085,IND,NA,Laos,2,2,5,9.8,3.5,3,1,2.2,1,4.234106505,2
IRIS 313-11089,IND,NA,Cambodia,1,2,1,9.7,3,3,1,1.8,2,4.442651256,2
IRIS 313-11094,JAP,T,Laos,2,2,7,11.1,4.1,3,1,3.6,1,4.430816799,2
IRIS 313-11095,IND,T,Laos,2,2,5,8.5,3.6,4,1,3.1,1,4.65396035,2
IRIS 313-11097,IND,T,Philippines,2,2,5,7.4,3.3,3,1,1.7,2,4.442651256,2
IRIS 313-11098,IND,NA,Sierra_Leone,1,1,5,9.2,3,3,1,1.6,NA,4.787491743,1
IRIS 313-11102,JAP,NA,Liberia,NA,NA,NA,NA,NA,NA,NA,NA,NA,NA,NA
IRIS 313-11103,JAP,NA,Liberia,2,2,5,9.8,3.6,3,1,3.2,2,4.442651256,1
IRIS 313-11104,JAP,NA,Liberia,1,2,5,9.3,3.4,3,1,2.8,2,4.442651256,1
IRIS 313-11112,AUS,T,Bangladesh,2,2,1,9,3.6,3,1,2.8,2,4.442651256,2
IRIS 313-11113,IND,T,Bangladesh,2,2,5,9.3,3.4,4,1,2.8,1,4.634728988,1
IRIS 313-11118,IND,T,Vietnam,2,1,5,8,3,3,1,1.7,NA,5.135798437,2
IRIS 313-11129,IND,NA,Myanmar,1,2,1,8.2,2.9,3,1,2.1,2,4.644390899,1
IRIS 313-11151,IND,I,Myanmar,2,2,1,8.7,3,4,1,2.6,NA,4.584967479,1
IRIS 313-11160,IND,NA,Liberia,1,1,5,9.9,2.8,3,1,2.2,2,4.584967479,1
IRIS 313-11189,ARO,NA,Soviet_Union,2,2,3,9.8,3.6,3,1,2.8,1,4.204692619,1
IRIS 313-11191,AUS,T,Sri_Lanka,2,2,3,6.3,2.8,3,1,1.4,1,4.343805422,2
IRIS 313-11194,IND,NA,Thailand,2,2,5,10.4,3.1,4,1,2.5,NA,4.955827058,2
IRIS 313-11202,JAP,I,China,1,1,3,8,3.7,2,1,2.9,1,4.382026635,1
IRIS 313-11205,IND,T,Bangladesh,2,2,3,8.9,3.2,4,2,3,1,4.983606622,1
IRIS 313-11221,IND,P,Bangladesh,2,1,5,9.3,2.8,4,1,2.7,2,4.736198448,2
IRIS 313-11224,IND,P,Bangladesh,2,2,5,10.1,2.6,4,2,2.2,1,4.852030264,2
IRIS 313-11226,IND,P,Bangladesh,2,2,3,9.4,3,4,1,2.4,1,4.86753445,1
IRIS 313-11228,IND,P,Bangladesh,2,2,5,9.7,2.9,3,1,2.5,2,4.852030264,2
IRIS 313-11229,IND,P,Bangladesh,1,1,1,8.8,3.1,4,1,2.4,1,4.700480366,2
IRIS 313-11231,IND,P,Bangladesh,2,2,5,9.4,3.2,4,1,2.6,NA,4.852030264,2
IRIS 313-11234,IND,T,Philippines,2,1,5,10.4,2.9,3,1,2.3,1,4.574710979,1
IRIS 313-11238,JAP,NA,Brazil,NA,NA,NA,NA,NA,NA,NA,NA,NA,NA,NA
IRIS 313-11239,IND,I,Indonesia,1,1,5,10.3,2.9,3,1,2.5,1,4.543294782,2
IRIS 313-11240,IND,I,India,1,1,1,9,2.9,2,1,2.2,1,4.406719247,2
IRIS 313-11241,IND,I,Bangladesh,2,2,3,8.4,2.7,4,1,1.7,2,4.812184355,2
IRIS 313-11242,IND,I,India,1,1,3,8.6,2.8,4,1,1.9,2,4.787491743,1
IRIS 313-11244,IND,NA,India,NA,NA,NA,NA,NA,NA,NA,NA,NA,NA,NA
IRIS 313-11245,IND,P,India,1,1,1,9.2,2.7,3,2,1.9,1,4.356708827,2
IRIS 313-11247,IND,I,India,1,1,1,9.3,3,3,2,2.5,1,4.248495242,1
IRIS 313-11249,IND,I,Philippines,1,1,1,9.7,2.6,3,2,2.4,1,4.663439094,2
IRIS 313-11251,IND,I,Philippines,1,1,1,8.4,3.1,3,2,2.5,2,4.663439094,2
IRIS 313-11252,IND,NA,India,NA,NA,NA,NA,NA,NA,NA,NA,NA,NA,NA
IRIS 313-11253,IND,I,Surinam,NA,NA,NA,NA,NA,NA,NA,NA,NA,NA,NA
IRIS 313-11256,IND,NA,India,2,1,5,8.8,2.9,3,2,3,1,4.736198448,1
IRIS 313-11257,ADM,NA,India,2,1,5,9,3,4,1,2.9,1,4.663439094,2
IRIS 313-11258,ARO,NA,India,NA,2,5,5.5,2.3,NA,2,1,2,4.672828834,1
IRIS 313-11260,IND,NA,India,1,2,5,8.7,2.9,3,2,2.3,1,4.521788577,1
IRIS 313-11262,IND,NA,India,1,1,3,7.8,3.4,3,1,2.2,1,4.691347882,1
IRIS 313-11263,ADM,NA,India,2,1,5,8.4,3.4,4,1,2.9,1,4.787491743,1
IRIS 313-11264,IND,NA,India,1,1,3,9.4,2.5,3,1,2.1,2,4.682131227,2
IRIS 313-11265,AUS,NA,India,1,1,5,7.2,3.4,3,2,2.1,2,4.418840608,1
IRIS 313-11266,IND,NA,India,2,1,1,7.4,3.3,4,1,2.4,1,4.691347882,2
IRIS 313-11267,IND,NA,India,2,1,3,8.4,2.1,3,2,1.4,2,4.644390899,2
IRIS 313-11269,IND,NA,India,2,1,5,8.3,3.8,4,1,2.7,1,4.700480366,2
IRIS 313-11270,ARO,NA,India,2,1,7,8,3.2,3,1,2,2,4.736198448,2
IRIS 313-11271,IND,NA,India,2,1,5,8.3,3.1,3,1,2.3,NA,4.820281566,2
IRIS 313-11273,IND,NA,India,2,2,5,8.8,3.1,4,2,2.6,1,4.691347882,1
IRIS 313-11274,AUS,NA,India,2,2,3,7.5,2.7,3,2,1.8,2,4.418840608,1
IRIS 313-11275,IND,NA,India,1,2,5,8.3,3.1,3,2,2.3,2,4.418840608,2
IRIS 313-11277,AUS,NA,India,1,1,3,8.5,3,3,1,2.8,2,4.605170186,2
IRIS 313-11278,IND,NA,India,NA,NA,NA,NA,NA,NA,NA,NA,NA,NA,NA
IRIS 313-11279,IND,NA,India,1,2,5,9.2,3.2,3,2,2.6,1,4.564348191,2
IRIS 313-11280,IND,NA,India,2,2,5,11,2.9,3,1,3,NA,4.682131227,1
IRIS 313-11281,IND,NA,India,2,2,3,8.8,2.8,3,1,2.1,1,4.356708827,2
IRIS 313-11285,IND,NA,India,NA,NA,NA,NA,NA,NA,NA,NA,NA,NA,NA
IRIS 313-11286,IND,NA,India,2,1,5,8.8,3.3,4,1,2.2,NA,4.762173935,1
IRIS 313-11287,IND,NA,India,2,2,1,9.6,2.9,4,1,2.5,2,4.624972813,2
IRIS 313-11289,ARO,NA,India,2,1,3,8.6,3.8,5,1,2.8,1,4.691347882,2
IRIS 313-11295,AUS,NA,India,1,2,3,8.5,3.1,3,1,2.3,2,4.605170186,2
IRIS 313-11297,ADM,NA,India,1,1,3,7,3.8,3,2,2.3,2,4.574710979,2
IRIS 313-11298,AUS,NA,India,2,1,5,7.1,3.2,3,2,1.9,2,4.418840608,1
IRIS 313-11301,IND,NA,India,1,1,7,8.1,2.6,4,1,1.8,1,4.682131227,2
IRIS 313-11302,IND,NA,India,2,1,3,9,3.1,4,2,1.3,2,4.787491743,1
IRIS 313-11303,IND,NA,India,2,1,5,8.3,2.9,3,2,2.2,1,4.762173935,2
IRIS 313-11316,IND,T,Indonesia,2,2,5,6.7,2.9,4,1,1.6,NA,4.941642423,1
IRIS 313-11321,IND,T,Bangladesh,2,1,7,7.8,2.6,3,1,1.8,2,4.762173935,1
IRIS 313-11324,AUS,T,Bangladesh,NA,2,3,7.6,3.2,NA,2,2.7,1,4.304065093,1
IRIS 313-11338,IND,T,Philippines,2,1,5,9.1,3.8,4,1,3.7,1,4.564348191,1
IRIS 313-11345,IND,T,Philippines,1,1,5,8.6,3,4,2,2.4,1,4.454347296,2
IRIS 313-11350,ARO,NA,India,1,1,5,6.8,2.9,4,1,1.7,2,4.663439094,2
IRIS 313-11351,IND,NA,India,1,1,3,9.4,2.7,3,1,2.2,2,4.709530201,2
IRIS 313-11358,IND,NA,India,1,2,7,7.8,2.2,3,1,1.8,2,4.605170186,2
IRIS 313-11370,IND,NA,India,1,1,5,9,3.5,3,2,3.2,2,4.564348191,2
IRIS 313-11372,IND,NA,India,1,1,5,10.8,2.4,3,1,2.6,1,4.543294782,2
IRIS 313-11386,IND,T,Thailand,2,2,5,10.3,2.6,4,2,2.5,2,4.875197323,2
IRIS 313-11394,IND,T,Indonesia,2,1,5,9.6,2.9,3,2,3,2,4.836281907,2
IRIS 313-11395,IND,T,Indonesia,2,1,5,8.2,2.4,3,2,1.6,NA,4.912654886,2
IRIS 313-11416,IND,NA,India,2,2,5,8.6,2.7,3,2,2.2,2,4.795790546,2
IRIS 313-11431,IND,I,Philippines,1,1,5,9.7,2.9,2,1,2.4,2,4.543294782,2
IRIS 313-11435,JAP,T,Ivory_Coast,2,1,3,9.5,3,3,1,2.4,2,4.477336814,2
IRIS 313-11436,JAP,T,Ivory_Coast,2,1,5,9.4,3.2,3,1,2.4,1,4.521788577,1
IRIS 313-11443,IND,T,India,1,1,5,8.6,3.1,4,1,1.8,2,4.521788577,2
IRIS 313-11453,IND,T,India,1,1,7,8.1,2.4,3,1,1.7,1,4.477336814,2
IRIS 313-11460,IND,T,India,1,1,1,8,3.2,3,2,1.4,1,4.454347296,2
IRIS 313-11461,IND,T,India,1,1,5,9.1,3.4,2,2,2.9,1,4.477336814,2
IRIS 313-11467,IND,T,Philippines,1,1,5,10.1,2.9,4,1,2.7,2,4.787491743,2
IRIS 313-11472,IND,T,Philippines,NA,NA,NA,NA,NA,NA,NA,NA,NA,NA,NA
IRIS 313-11477,AUS,NA,India,1,1,5,9.1,2.8,3,2,1.6,2,4.356708827,1
IRIS 313-11483,AUS,T,Bangladesh,1,1,3,8,3.9,2,1,3.1,1,4.343805422,2
IRIS 313-11484,AUS,T,Bangladesh,NA,2,5,8.6,2.8,NA,2,2.4,2,4.418840608,1
IRIS 313-11489,AUS,NA,India,2,1,3,9.2,3.3,3,2,2.4,2,4.553876892,2
IRIS 313-11493,IND,T,India,2,1,1,7.8,3.2,3,2,2.3,2,4.584967479,2
IRIS 313-11513,IND,NA,Ecuador,1,1,3,8.2,3.3,2,1,2.7,1,4.644390899,1
IRIS 313-11515,IND,I,na,2,1,1,11.2,3,3,1,3.1,1,4.624972813,2
IRIS 313-11516,IND,I,Philippines,1,1,1,9.5,3.1,2,1,2.7,1,4.49980967,1
IRIS 313-11521,IND,T,Vietnam,2,1,1,8.4,3.8,3,1,3,1,4.744932128,1
IRIS 313-11522,JAP,NA,China,1,1,5,7.8,3.2,3,2,2.1,1,4.33073334,1
IRIS 313-11528,IND,T,Ivory_Coast,2,1,3,9.6,3,4,1,2.6,2,4.927253685,2
IRIS 313-11530,IND,T,Thailand,2,1,1,10.5,3.1,3,2,3.4,1,4.820281566,2
IRIS 313-11543,IND,NA,Myanmar,2,2,5,8.7,3.1,4,2,2.7,1,5.075173815,2
IRIS 313-11546,IND,NA,Myanmar,1,2,5,8.7,3.1,4,2,2.1,1,4.753590191,2
IRIS 313-11547,IND,NA,Myanmar,NA,2,7,8.9,2.9,NA,2,1.8,NA,4.912654886,1
IRIS 313-11555,IND,T,Sierra_Leone,2,1,5,8.1,3.1,3,2,2.5,NA,5.153291594,2
IRIS 313-11567,ARO,T,Nepal,1,1,3,8.6,2.5,4,2,2,1,4.770684624,2
IRIS 313-11575,JAP,NA,China,1,1,5,8,3.3,2,1,2.4,1,4.304065093,1
IRIS 313-11582,JAP,NA,China,1,1,3,7.8,3.2,2,1,2.3,1,4.430816799,2
IRIS 313-11591,ADM,NA,Malaysia,2,1,1,8.6,3,4,1,2.8,1,4.96284463,1
IRIS 313-11596,IND,NA,India,1,1,1,6.2,2.8,3,2,1.4,2,4.454347296,1
IRIS 313-11602,AUS,NA,India,1,1,5,7.8,2.4,2,2,1.8,2,4.33073334,1
IRIS 313-11604,AUS,NA,India,1,1,5,8.9,2.6,3,2,2,1,4.430816799,2
IRIS 313-11607,IND,NA,India,2,1,3,8.6,2.8,3,2,2.5,1,4.844187086,2
IRIS 313-11615,IND,T,Guinea,NA,2,5,7.2,2.9,NA,2,2.3,2,4.96284463,1
IRIS 313-11617,AUS,T,India,2,2,5,7.9,3,3,2,2.2,2,4.430816799,1
IRIS 313-11618,AUS,T,India,2,2,5,9.2,2.3,4,2,2,2,4.543294782,1
IRIS 313-11622,IND,NA,China,NA,2,1,7,2.9,NA,2,2.4,1,4.33073334,1
IRIS 313-11624,IND,T,Nepal,1,2,5,8.9,3,3,2,2.9,2,4.382026635,2
IRIS 313-11626,ARO,T,Nepal,1,2,3,6.8,3.1,3,2,2.3,2,4.477336814,1
IRIS 313-11630,ARO,T,Nepal,2,1,5,7.9,2.1,3,1,1.8,1,4.682131227,2
IRIS 313-11635,IND,T,Thailand,2,2,5,9,3.4,4,2,1.5,1,4.828313737,1
IRIS 313-11638,IND,NA,India,1,1,3,9.1,2.8,3,2,2.8,1,4.454347296,1
IRIS 313-11642,IND,NA,India,1,1,1,8.1,2.9,3,2,2.6,1,4.605170186,1
IRIS 313-11643,IND,NA,India,2,1,3,9.7,2.5,3,2,2.5,2,4.779123493,2
IRIS 313-11644,IND,NA,India,1,1,3,8.2,3.2,3,2,2.7,1,4.584967479,2
IRIS 313-11645,IND,NA,India,2,1,3,8.8,3,3,2,2.8,1,4.605170186,1
IRIS 313-11646,IND,NA,India,1,1,3,9.7,2.8,2,2,3.1,1,4.584967479,1
IRIS 313-11647,IND,NA,India,1,1,3,7.7,3.1,3,2,2.6,1,4.564348191,1
IRIS 313-11648,IND,NA,India,1,1,1,7,2.9,3,2,1.9,1,4.584967479,1
IRIS 313-11651,JAP,NA,China,1,1,5,7.5,3.2,2,1,2.6,1,3.988984047,1
IRIS 313-11652,JAP,NA,China,1,1,5,7.6,3.5,2,1,3.2,1,4.060443011,1
IRIS 313-11654,JAP,NA,China,1,1,5,7.3,3.4,2,1,2.8,1,4.276666119,2
IRIS 313-11655,JAP,NA,China,1,2,5,7.8,3.6,2,1,3.1,1,4.276666119,1
IRIS 313-11656,IND,I,Indonesia,1,1,5,8.7,2.5,3,2,2.5,2,4.477336814,1
IRIS 313-11657,IND,NA,Nigeria,NA,NA,NA,NA,NA,NA,NA,NA,NA,NA,NA
IRIS 313-11658,JAP,T,Sierra_Leone,1,1,3,8.9,3.4,3,2,2.9,2,4.605170186,1
IRIS 313-11659,JAP,T,Sierra_Leone,2,1,5,8.2,2.9,4,2,2.6,2,4.59511985,2
IRIS 313-11661,JAP,T,Bhutan,1,1,7,8.9,3.4,2,2,3.6,1,4.127134385,1
IRIS 313-11663,IND,T,Zimbabwe,1,1,3,8.9,3.2,3,2,2.8,2,4.584967479,2
IRIS 313-11664,IND,NA,China,1,1,3,9.8,2.7,3,2,2.7,1,4.521788577,1
IRIS 313-11665,IND,NA,China,1,1,1,9,3.2,2,1,3,1,4.430816799,1
IRIS 313-11666,IND,NA,China,1,1,1,9.2,3,2,1,2.7,2,4.33073334,1
IRIS 313-11667,IND,NA,China,1,1,3,8.9,3.1,2,1,2.6,1,4.276666119,1
IRIS 313-11668,IND,NA,China,1,1,3,8.5,3,2,1,2.1,1,4.304065093,1
IRIS 313-11669,IND,I,China,2,1,3,8.3,3.1,4,2,2.4,1,4.219507705,2
IRIS 313-11671,IND,T,Nepal,1,1,3,9,2.9,3,2,2.4,1,4.718498871,2
IRIS 313-11673,JAP,T,Philippines,1,1,5,7.4,2.6,3,1,1.9,2,4.584967479,2
IRIS 313-11674,IND,T,Thailand,2,1,5,8.9,2.7,3,2,2.6,2,4.927253685,2
IRIS 313-11677,IND,T,Thailand,1,1,5,9.3,2.8,3,1,2.4,1,4.584967479,1
IRIS 313-11678,IND,T,Thailand,2,1,5,9.8,3.6,3,2,3.5,2,4.727387819,2
IRIS 313-11679,IND,T,Thailand,1,1,3,10.2,2.7,3,2,2.3,1,4.976733742,2
IRIS 313-11681,IND,T,Thailand,NA,2,5,9.1,3.2,NA,2,3.2,2,4.890349128,1
IRIS 313-11683,IND,T,Thailand,2,1,5,8.8,2,4,1,1.6,2,4.94875989,2
IRIS 313-11684,IND,T,Thailand,2,2,5,8.6,2.2,4,1,1,1,4.976733742,2
IRIS 313-11685,IND,T,Thailand,2,1,5,8.9,3,3,1,2.9,1,4.86753445,2
IRIS 313-11686,IND,T,Thailand,2,1,5,10.5,3.2,4,1,2.8,1,4.955827058,2
IRIS 313-11687,IND,T,Thailand,NA,2,7,9.5,2.6,NA,2,2.8,1,4.912654886,1
IRIS 313-11689,JAP,NA,South_Korea,1,1,3,7.1,3.2,2,2,2.6,1,4.276666119,1
IRIS 313-11691,JAP,T,Bhutan,1,1,3,7.9,2.9,3,2,2.1,2,4.430816799,1
IRIS 313-11692,IND,T,Taiwan,2,2,5,7.2,3.2,4,2,2.5,1,4.564348191,1
IRIS 313-11693,IND,T,Taiwan,2,1,5,6.9,2.7,4,2,2,1,4.605170186,1
IRIS 313-11700,IND,T,Thailand,2,1,5,9.5,3.1,3,2,3.1,2,4.477336814,2
IRIS 313-11704,IND,T,Thailand,NA,NA,NA,NA,NA,NA,NA,NA,NA,NA,NA
IRIS 313-11705,IND,T,Thailand,2,1,5,9.2,2.9,4,1,2.9,1,4.919980926,2
IRIS 313-11706,IND,T,Thailand,2,1,3,6.1,2.8,3,2,1.4,2,4.8978398,2
IRIS 313-11707,IND,T,Thailand,2,1,5,9.3,2.7,4,2,2.1,2,5.111987788,1
IRIS 313-11708,IND,T,Thailand,2,2,3,9.3,2.6,4,2,2,2,4.779123493,2
IRIS 313-11709,IND,T,Thailand,2,1,5,9.4,2.6,4,2,2.4,1,4.875197323,2
IRIS 313-11710,IND,T,Thailand,2,1,5,9.8,2.7,3,1,3.1,NA,4.976733742,2
IRIS 313-11711,IND,T,Thailand,2,1,5,9.3,2.4,4,2,2.3,1,5.129898715,2
IRIS 313-11712,AUS,NA,India,1,2,5,9.1,3.1,3,2,3,2,4.477336814,1
IRIS 313-11716,IND,T,Guinea,1,1,5,9.5,2.7,3,2,2.4,1,4.727387819,2
IRIS 313-11717,IND,T,Indonesia,1,1,5,8.8,3.2,3,2,2.8,2,4.882801923,2
IRIS 313-11719,IND,NA,Thailand,2,2,5,10.3,3.6,3,2,3.4,1,4.736198448,2
IRIS 313-11720,IND,NA,Thailand,2,1,3,9.5,3,4,1,3.3,2,4.836281907,2
IRIS 313-11721,IND,NA,Thailand,NA,1,7,8.7,3.4,NA,2,3.2,2,4.844187086,1
IRIS 313-11722,IND,T,Bangladesh,1,1,1,8.2,2.6,2,2,1.8,1,4.477336814,1
IRIS 313-11723,IND,T,Guinea,2,1,3,10.8,2.6,4,2,3,2,4.86753445,1
IRIS 313-11724,IND,T,Guinea,2,1,5,6.2,2.4,3,2,2.3,1,4.997212274,1
IRIS 313-11725,JAP,I,Japan,1,1,5,7.7,3.4,2,1,2.8,1,4.234106505,2
IRIS 313-11727,IND,NA,China,2,1,3,7.7,2.8,2,2,2.3,1,4.248495242,1
IRIS 313-11728,IND,NA,China,2,2,5,10.1,2.8,3,2,2.9,1,4.615120517,1
IRIS 313-11730,IND,NA,China,1,1,1,7.1,3.1,3,1,2.3,1,4.644390899,1
IRIS 313-11731,IND,NA,China,2,1,1,9.7,2.6,3,2,2.6,1,4.510859507,1
IRIS 313-11732,IND,NA,China,2,1,5,7.5,3.3,2,2,2.2,1,4.248495242,1
IRIS 313-11733,IND,NA,China,1,1,1,7.8,3.3,2,2,2.5,2,4.543294782,1
IRIS 313-11734,IND,NA,China,2,1,1,8.1,3.2,3,2,2.8,1,4.477336814,1
IRIS 313-11736,JAP,T,Philippines,NA,2,7,7.7,3.3,NA,2,2.5,2,4.49980967,1
IRIS 313-11737,AUS,T,India,1,1,3,6.7,3.2,3,2,2.1,2,4.574710979,2
IRIS 313-11738,IND,T,India,2,1,3,8.4,3.2,4,2,2.7,1,4.430816799,1
IRIS 313-11739,JAP,T,Ghana,1,1,5,9.2,3,3,2,2.8,2,4.59511985,1
IRIS 313-11740,IND,I,Ghana,2,1,3,8,3.5,4,2,2.9,1,4.709530201,1
IRIS 313-11741,IND,T,Sri_Lanka,2,1,3,8.6,3.1,4,2,2.9,1,4.718498871,1
IRIS 313-11742,AUS,NA,India,1,1,3,7.7,2.8,2,1,2.3,2,4.276666119,1
IRIS 313-11744,IND,NA,China,1,1,5,8.9,2.9,3,2,2.4,1,4.382026635,1
IRIS 313-11745,IND,NA,China,2,1,3,8.1,3.1,3,2,1.9,1,4.276666119,1
IRIS 313-11746,IND,NA,China,1,1,3,8.7,2.8,2,2,2.4,1,4.17438727,1
IRIS 313-11747,IND,NA,China,1,1,5,8.9,2.9,2,2,2.6,1,4.276666119,1
IRIS 313-11748,IND,NA,China,2,2,5,8.7,3,3,2,2.4,1,4.382026635,1
IRIS 313-11750,IND,NA,China,2,1,1,8.6,2.9,3,2,2.3,1,4.510859507,1
IRIS 313-11751,IND,NA,China,2,1,3,9.6,2.7,2,2,2.5,2,4.382026635,1
IRIS 313-11752,IND,NA,China,1,1,1,8.4,3.1,2,2,2.3,1,4.276666119,1
IRIS 313-11753,IND,NA,China,1,1,3,8.8,3,1,2,2.4,1,4.094344562,1
IRIS 313-11754,ADM,NA,Madagascar,2,1,3,9.8,3.1,3,2,2.8,NA,4.644390899,1
IRIS 313-11755,JAP,NA,Liberia,2,1,3,9.4,3.4,3,2,2.9,2,4.624972813,1
IRIS 313-11756,JAP,NA,Madagascar,2,1,3,8.7,2.9,3,2,2.5,2,4.624972813,1
IRIS 313-11757,IND,NA,Madagascar,2,1,5,7.7,2.5,3,1,2,2,4.983606622,2
IRIS 313-11758,IND,NA,Ivory_Coast,NA,2,3,8,2.6,NA,2,2.4,1,4.859812404,1
IRIS 313-11759,JAP,NA,Ivory_Coast,2,1,5,8.8,3.1,3,2,2.6,NA,4.624972813,1
IRIS 313-11760,ADM,NA,Madagascar,1,1,3,9,2.6,3,2,2.1,1,4.820281566,1
IRIS 313-11761,ADM,NA,Ivory_Coast,2,1,5,10.2,2.8,3,2,2.6,1,4.762173935,1
IRIS 313-11762,IND,NA,Madagascar,2,1,5,9,2.1,3,1,2.2,1,4.844187086,2
IRIS 313-11763,IND,I,Cameroon,2,1,3,8.7,2.8,2,2,2.2,1,4.521788577,1
IRIS 313-11764,IND,I,Liberia,NA,2,3,7.5,3,NA,2,3.9,1,4.844187086,1
IRIS 313-11767,ADM,NA,Madagascar,2,2,5,11.3,2.5,4,2,2.5,2,4.852030264,1
IRIS 313-11772,IND,T,Madagascar,NA,2,5,9.2,2.9,NA,2,2.6,1,4.521788577,1
IRIS 313-11773,IND,NA,Gambia,2,1,3,8.7,3.1,3,2,2.7,1,4.770684624,2
IRIS 313-11784,IND,T,Sierra_Leone,2,1,1,9.7,2.4,3,1,2.2,2,4.644390899,1
IRIS 313-11786,IND,T,Gambia,2,1,5,10.6,2.7,3,2,2.8,2,4.812184355,1
IRIS 313-11787,IND,T,Gambia,2,2,5,8.9,3.7,4,2,3.2,1,4.905274778,1
IRIS 313-11788,JAP,T,Philippines,2,1,5,7.9,3.7,3,2,2.4,1,4.624972813,1
IRIS 313-11789,ADM,T,Madagascar,2,1,5,10.2,2.8,3,2,2.6,1,4.875197323,1
IRIS 313-11790,JAP,T,Madagascar,2,1,5,8.2,3.5,3,2,2.8,1,4.59511985,1
IRIS 313-11791,IND,T,Madagascar,2,1,5,9.6,3,4,2,2.8,1,4.59511985,1
IRIS 313-11792,JAP,T,Madagascar,2,1,5,8.7,4.1,4,2,3.1,2,4.564348191,1
IRIS 313-11794,ADM,NA,Madagascar,NA,2,3,10.1,2.6,NA,2,3.4,1,4.615120517,1
IRIS 313-11795,IND,NA,China,1,1,1,8.1,3.3,3,2,2.5,1,4.394449155,1
IRIS 313-11796,IND,NA,China,2,1,5,8.3,3.2,2,2,2.3,1,4.418840608,1
IRIS 313-11797,IND,NA,China,1,1,3,10,2.5,2,2,2.6,1,4.127134385,1
IRIS 313-11798,IND,NA,China,1,1,1,9.1,3,2,2,2.6,2,4.394449155,1
IRIS 313-11799,IND,NA,China,1,1,3,9,3.1,2,2,2.4,1,4.382026635,1
IRIS 313-11800,JAP,NA,China,1,1,5,8,3.7,2,1,3.1,NA,4.219507705,1
IRIS 313-11801,IND,NA,China,1,1,3,9,2.8,2,2,2.6,1,4.418840608,1
IRIS 313-11802,IND,NA,China,1,2,3,8.6,3.3,3,2,2.8,1,4.48863637,1
IRIS 313-11804,IND,NA,China,2,1,5,8.1,3.3,3,2,2.3,1,4.317488114,1
IRIS 313-11805,IND,NA,China,2,1,5,8.8,3.4,3,2,2.7,1,4.418840608,1
IRIS 313-11806,IND,NA,China,1,1,3,8.1,3.1,2,2,2.2,2,4.430816799,1
IRIS 313-11807,IND,I,Colombia,2,1,1,9.6,2.5,3,2,2.4,1,4.65396035,1
IRIS 313-11809,AUS,T,Kenya,2,1,5,10.5,2.5,3,2,2.3,1,4.442651256,1
IRIS 313-11810,IND,T,Kenya,2,1,5,9.9,2.9,3,NA,2.3,1,4.820281566,NA
IRIS 313-11811,ADM,T,Kenya,2,2,3,9.1,2.9,3,2,2.1,1,4.812184355,1
IRIS 313-11812,IND,T,Kenya,2,1,3,10.2,2.8,5,2,2.3,2,4.744932128,1
IRIS 313-11813,IND,T,Kenya,2,2,3,9.8,2.7,3,2,2.1,2,4.682131227,1
IRIS 313-11814,IND,T,Kenya,2,1,3,11.2,2.8,4,2,3,2,4.912654886,2
IRIS 313-11815,IND,T,Kenya,2,1,5,9.8,3,4,2,2.7,1,4.770684624,1
IRIS 313-11816,IND,T,Myanmar,1,1,1,7.8,3.1,3,2,2.4,1,4.672828834,2
IRIS 313-11817,IND,T,Myanmar,2,2,5,9.7,2.9,4,2,2.6,1,4.663439094,2
IRIS 313-11819,IND,T,Myanmar,2,2,3,9.5,2.4,3,2,2.8,1,4.736198448,2
IRIS 313-11820,IND,T,Myanmar,2,2,3,10.1,2.7,3,2,3.4,1,4.804021045,2
IRIS 313-11821,IND,T,India,2,1,5,7.1,3.3,4,2,2.1,2,4.812184355,1
IRIS 313-11822,IND,T,India,2,1,3,9.1,3.1,3,2,2.6,NA,4.709530201,1
IRIS 313-11823,IND,T,India,2,1,5,9.6,3,4,2,2,2,4.770684624,1
IRIS 313-11824,IND,T,India,2,1,5,8.9,3.5,3,2,2.5,2,4.736198448,1
IRIS 313-11825,ARO,T,India,2,1,5,9.5,2.7,4,2,2.4,NA,4.709530201,1
IRIS 313-11829,JAP,T,Pakistan,1,1,5,7.3,3.3,2,1,2.4,2,4.356708827,2
IRIS 313-11832,JAP,T,Thailand,2,1,3,9.3,2.8,3,2,2,1,4.634728988,1
IRIS 313-11833,IND,T,Thailand,2,1,3,8.2,2.5,4,2,1.6,1,4.941642423,2
IRIS 313-11835,IND,T,Thailand,2,1,7,9.9,3.2,4,2,2.7,1,4.672828834,1
IRIS 313-11836,IND,T,Thailand,2,2,5,9.1,2.8,4,2,2.7,1,4.779123493,2
IRIS 313-11840,IND,T,Thailand,2,1,3,10.2,2.8,4,2,2,1,4.919980926,2
IRIS 313-11842,IND,T,Thailand,NA,NA,NA,NA,NA,NA,NA,NA,NA,NA,NA
IRIS 313-11848,IND,T,Malaysia,2,1,5,9.5,2.9,4,2,2.4,1,5.081404365,2
IRIS 313-11854,IND,NA,China,2,1,5,7.7,3.1,3,2,2.1,2,4.465908119,NA
IRIS 313-11866,IND,NA,China,1,1,3,7.6,3.1,2,2,2.2,1,4.430816799,2
IRIS 313-11867,IND,NA,China,1,1,3,8.4,2.7,3,2,2.1,1,4.454347296,2
IRIS 313-11870,IND,NA,China,2,1,5,8.3,2.8,3,2,2.2,1,4.406719247,2
IRIS 313-11877,IND,NA,China,2,1,3,9.5,2.9,3,2,2.3,2,4.276666119,1
IRIS 313-11878,IND,NA,China,2,1,5,8.3,3.1,3,2,2.6,2,4.369447852,1
IRIS 313-11882,IND,NA,China,2,1,3,8.6,3.4,3,2,2.9,1,4.430816799,1
IRIS 313-11887,IND,I,Philippines,2,1,1,8.9,2.5,3,2,2.3,2,4.48863637,1
IRIS 313-11897,JAP,T,Thailand,1,1,3,8.9,3.2,4,1,2.6,2,4.477336814,1
IRIS 313-11900,JAP,NA,Thailand,2,1,7,10.8,4.1,4,2,3.7,1,4.672828834,1
IRIS 313-11902,IND,NA,Indonesia,2,1,7,8,3.1,4,2,2.4,2,4.744932128,1
IRIS 313-11909,IND,NA,China,1,1,5,8.1,3.1,3,2,2.2,2,4.369447852,1
IRIS 313-11916,IND,T,Sri_Lanka,2,1,3,8.5,3.4,4,2,2.1,1,4.700480366,2
IRIS 313-11919,IND,T,India,2,1,3,8.6,3,4,2,2.6,2,4.532599493,2
IRIS 313-11920,IND,NA,Thailand,2,1,5,10.1,2.5,4,2,2.1,2,4.624972813,2
IRIS 313-11924,JAP,NA,Thailand,2,1,5,10.1,3.3,4,2,2.6,2,4.682131227,1
IRIS 313-11927,IND,NA,Thailand,2,2,3,10.1,3.3,4,2,2.5,1,4.49980967,2
IRIS 313-11929,JAP,T,Philippines,2,1,5,9,2.5,3,2,2.1,2,4.634728988,2
IRIS 313-11930,ADM,P,Nigeria,2,1,5,9.5,2.6,3,2,2.2,1,4.59511985,1
IRIS 313-11935,IND,T,Cambodia,2,1,3,6.6,2,3,2,2.1,1,5.043425117,2
IRIS 313-11939,IND,T,Burkina_Faso,NA,2,3,9.8,2.6,NA,2,2.9,1,4.787491743,1
IRIS 313-11940,IND,T,Burkina_Faso,NA,2,3,8.5,2.8,NA,2,2,1,4.795790546,1
IRIS 313-11941,IND,T,Burkina_Faso,2,1,1,9.1,2.4,2,1,2.5,2,4.700480366,2
IRIS 313-11945,IND,T,Bangladesh,2,2,5,7.1,2.9,4,2,2,2,4.86753445,2
IRIS 313-11949,IND,NA,China,2,1,5,8.2,2.9,3,2,2.3,2,4.394449155,2
IRIS 313-11950,IND,NA,China,2,1,5,7.7,3.3,3,2,2.3,1,4.430816799,2
IRIS 313-11953,IND,NA,China,1,2,5,8.4,3.1,3,2,2.3,1,4.343805422,2
IRIS 313-11955,IND,NA,China,2,2,5,7.7,3,3,2,2.4,1,4.477336814,2
IRIS 313-11959,IND,T,Philippines,2,2,5,8.6,3.4,4,2,2.9,NA,4.86753445,2
IRIS 313-11962,IND,NA,Thailand,NA,2,7,9.9,2.5,NA,2,2.8,1,4.912654886,1
IRIS 313-11966,IND,T,China,2,1,5,8.4,3,3,2,2.4,1,4.48863637,2
IRIS 313-11978,IND,I,Philippines,2,1,3,9.2,2.6,3,2,2.6,1,4.48863637,2
IRIS 313-11979,IND,I,Philippines,1,2,5,9.1,2.2,3,2,2.2,2,4.644390899,2
IRIS 313-11988,IND,T,Sierra_Leone,2,1,1,7.5,3.2,2,2,2,1,4.905274778,1
IRIS 313-11989,IND,T,Brunei_Darussalam,2,1,3,7.4,2.8,2,2,1.4,1,5.023880521,1
IRIS 313-11994,JAP,T,Philippines,2,1,5,8.8,3.6,2,2,1.9,1,4.584967479,1
IRIS 313-11999,IND,T,Cambodia,2,1,5,8.1,3,3,2,2.2,2,4.94875989,1
IRIS 313-12000,IND,T,Cambodia,2,1,3,7.8,2.7,3,2,2.2,NA,5.043425117,2
IRIS 313-12010,IND,NA,China,2,1,3,8.2,3.1,2,2,2.4,1,4.369447852,1
IRIS 313-12024,IND,NA,na,2,1,1,9.5,2.6,2,1,2.6,1,4.584967479,1
IRIS 313-12033,IND,NA,China,2,1,1,8,3.4,2,2,2.5,1,4.454347296,2
IRIS 313-12040,IND,T,Cambodia,2,1,5,7.6,2.7,4,2,2,1,5.111987788,2
IRIS 313-12041,IND,T,Cambodia,2,1,5,7.7,2.6,4,2,1.8,1,5.081404365,2
IRIS 313-12044,IND,T,Cambodia,2,1,3,8.2,2.6,4,2,2.2,NA,5.010635294,2
IRIS 313-12045,JAP,T,Indonesia,NA,NA,NA,NA,NA,NA,NA,NA,NA,NA,NA
IRIS 313-12048,IND,T,Indonesia,2,1,3,7.1,2.4,4,2,1.5,2,5.010635294,2
IRIS 313-12052,IND,T,India,2,1,5,8.5,3.4,4,2,2.6,1,4.859812404,1
IRIS 313-12054,JAP,I,China,NA,2,3,7.5,3.2,NA,2,2.5,2,4.234106505,1
IRIS 313-12058,IND,T,Cambodia,2,2,5,6.8,2.7,4,2,2.2,1,5.087596335,2
IRIS 313-12060,JAP,NA,China,2,1,5,7,3.1,3,2,2.4,2,4.110873864,1
IRIS 313-12061,JAP,NA,China,2,1,5,6.2,3,2,1,2.1,1,4.219507705,1
IRIS 313-12068,JAP,T,Indonesia,2,1,5,9.2,3.2,4,2,2.9,1,4.59511985,2
IRIS 313-12071,JAP,NA,Laos,2,1,5,9.1,3.2,3,2,3.1,2,4.317488114,2
IRIS 313-12094,ARO,T,Bangladesh,2,1,5,4.7,2.1,NA,2,1.3,1,4.844187086,2
IRIS 313-12097,IND,T,Cambodia,2,1,5,7,2.7,2,2,1.6,NA,5.147494477,2
IRIS 313-12101,IND,T,Cambodia,2,2,3,6.2,2.1,NA,2,1.7,2,5.214935758,1
IRIS 313-12108,JAP,NA,Malaysia,NA,NA,NA,NA,NA,NA,NA,NA,NA,NA,NA
IRIS 313-12118,ADM,NA,Madagascar,2,1,1,6,2,3,2,2.2,1,4.787491743,2
IRIS 313-12121,IND,T,Laos,2,1,5,7.1,2.2,3,2,1.8,2,4.812184355,2
IRIS 313-12127,IND,T,Laos,2,1,3,6.7,2.7,3,2,3.7,1,4.812184355,2
IRIS 313-12128,IND,T,Laos,2,1,5,7.6,2,4,2,2.6,1,4.844187086,2
IRIS 313-12129,JAP,T,Laos,2,1,7,7,3.4,3,2,3.8,1,4.521788577,2
IRIS 313-12131,IND,NA,Laos,2,1,5,7.4,2.4,4,2,2.2,1,4.644390899,2
IRIS 313-12134,JAP,T,Laos,2,1,7,7,3,3,1,2.9,NA,4.644390899,1
IRIS 313-12135,IND,NA,Malaysia,1,1,3,6.7,1.8,2,2,2,1,4.356708827,2
IRIS 313-12141,AUS,T,Bangladesh,1,1,5,6,2.1,3,2,2.5,2,4.394449155,2
IRIS 313-12146,IND,T,Cambodia,2,1,3,8.2,2.8,4,2,2.2,2,4.882801923,2
IRIS 313-12164,JAP,T,Cambodia,2,1,5,6.2,2.2,3,2,2.9,2,4.290459441,2
IRIS 313-12183,AUS,T,Nepal,2,1,3,7.4,3.6,3,2,2.1,1,4.736198448,1
IRIS 313-12188,IND,NA,Laos,2,1,3,9.6,2.7,3,2,2.2,1,4.753590191,2
IRIS 313-12190,IND,T,Laos,2,1,3,10.1,2.9,4,2,3.3,1,4.718498871,2
IRIS 313-12193,IND,T,Laos,2,1,7,9.9,3.6,3,2,3.6,2,4.779123493,2
IRIS 313-12228,JAP,T,Laos,2,1,7,9.3,3.3,3,2,3.8,2,4.521788577,2
IRIS 313-12234,IND,NA,China,1,1,3,7.9,2.8,3,2,3,2,4.59511985,2
IRIS 313-12258,JAP,T,Laos,2,1,7,8.5,3.5,3,2,3.1,1,4.48863637,2
IRIS 313-12259,IND,NA,Laos,2,1,5,9.3,3.5,3,2,2.7,2,4.905274778,1
IRIS 313-12262,JAP,NA,Laos,2,2,7,10.4,3.3,3,2,3.4,2,4.406719247,2
IRIS 313-12268,IND,T,Myanmar,2,1,3,8.5,2.8,4,2,2.7,2,4.663439094,2
IRIS 313-12275,IND,NA,China,2,1,5,9.3,2.8,3,2,2.5,2,4.343805422,2
IRIS 313-12281,JAP,NA,Madagascar,2,1,7,8.9,3.8,4,1,3.1,2,4.574710979,1
IRIS 313-12287,IND,T,Myanmar,2,1,3,9.7,2.7,3,2,2.6,1,4.859812404,2
IRIS 313-12289,JAP,T,Myanmar,2,1,7,9.8,3.6,3,2,3.3,1,4.543294782,1
IRIS 313-12291,IND,T,Myanmar,2,1,5,8.7,2.9,3,2,2.6,2,4.828313737,2
IRIS 313-12300,IND,T,Laos,2,1,3,8.6,3,3,2,2.2,1,4.510859507,2
IRIS 313-12303,IND,T,Laos,2,1,3,9.4,3.4,4,2,3,1,4.852030264,1
IRIS 313-12305,IND,T,Laos,2,1,3,8.1,3.5,3,2,1.5,1,4.852030264,2
IRIS 313-12307,JAP,NA,Laos,2,1,7,9.5,4.2,3,2,2.9,1,4.532599493,2
IRIS 313-12312,JAP,NA,Laos,2,1,7,8.9,3.6,3,2,3.3,2,4.48863637,1
IRIS 313-12321,JAP,T,Laos,2,1,7,8.4,3.5,3,2,3.3,2,4.430816799,2
IRIS 313-12323,JAP,T,Laos,2,2,5,10.9,3.7,3,1,4.5,NA,4.454347296,2
IRIS 313-12334,IND,T,Laos,2,1,3,10.7,3.6,3,2,3,2,4.48863637,2
IRIS 313-12349,JAP,NA,Laos,2,1,7,8.8,4,4,2,4.7,2,4.510859507,2
IRIS 313-12350,JAP,T,Laos,2,1,7,9.1,3.8,4,2,3.3,2,4.48863637,1
IRIS 313-12351,JAP,T,Laos,2,1,7,10.3,4.3,3,2,4.5,NA,4.510859507,2
IRIS 313-12354,IND,T,Laos,2,1,1,9.5,3.3,3,2,2.8,1,4.718498871,1
IRIS 313-12355,IND,T,Laos,2,1,1,10.6,2.8,3,2,2.9,1,4.605170186,2
IRIS 313-15900,IND,I,Philippines,NA,NA,NA,NA,NA,NA,NA,NA,2,NA,NA
IRIS 313-15908,AUS,I,Colombia,NA,NA,NA,NA,NA,NA,NA,NA,2,NA,NA
IRIS 313-15910,JAP,I,United_States,NA,NA,NA,NA,NA,NA,NA,NA,2,NA,NA
IRIS 313-7638,IND,NA,Madagascar,NA,NA,NA,NA,NA,NA,NA,NA,NA,NA,NA
IRIS 313-7646,ADM,NA,Madagascar,NA,NA,NA,NA,NA,NA,NA,NA,NA,NA,NA
IRIS 313-7650,IND,NA,Madagascar,NA,NA,NA,NA,NA,NA,NA,NA,NA,NA,NA
IRIS 313-7685,IND,I,Philippines,1,1,1,9,2.1,2,2,2.2,NA,4.454347296,2
IRIS 313-7688,IND,I,Philippines,1,1,3,9.3,2.6,3,1,2.5,NA,4.543294782,1
IRIS 313-7689,IND,I,Philippines,1,2,1,8.9,2.4,2,2,2.4,NA,4.465908119,2
IRIS 313-7719,IND,NA,Mali,NA,NA,NA,NA,NA,NA,NA,NA,NA,NA,NA
IRIS 313-7722,ADM,NA,Madagascar,NA,NA,NA,NA,NA,NA,NA,NA,NA,NA,NA
IRIS 313-7725,ADM,T,Madagascar,NA,NA,NA,NA,NA,NA,NA,NA,NA,NA,NA
IRIS 313-7795,ADM,T,Madagascar,NA,NA,NA,NA,NA,NA,NA,NA,NA,NA,NA
IRIS 313-7797,IND,I,Philippines,NA,NA,NA,NA,NA,NA,NA,NA,NA,NA,NA
IRIS 313-7799,IND,NA,Madagascar,NA,NA,NA,NA,NA,NA,NA,NA,NA,NA,NA
IRIS 313-7808,IND,I,Senegal,NA,NA,NA,NA,NA,NA,NA,NA,NA,NA,NA
IRIS 313-7816,IND,I,Senegal,NA,NA,NA,NA,NA,NA,NA,NA,NA,NA,NA
IRIS 313-7850,JAP,NA,Madagascar,NA,NA,NA,NA,NA,NA,NA,NA,NA,NA,NA
IRIS 313-7866,ADM,I,Colombia,NA,NA,NA,NA,NA,NA,NA,NA,NA,NA,NA
IRIS 313-7876,JAP,T,Philippines,NA,NA,NA,NA,NA,NA,NA,NA,NA,NA,NA
IRIS 313-7883,JAP,T,Indonesia,2,1,7,8.5,3.6,3,1,3,NA,4.634728988,1
IRIS 313-7902,JAP,I,Philippines,NA,NA,NA,NA,NA,NA,NA,NA,NA,NA,NA
IRIS 313-7909,ADM,I,Philippines,NA,NA,NA,NA,NA,NA,NA,NA,NA,NA,NA
IRIS 313-7911,IND,I,Philippines,NA,NA,NA,NA,NA,NA,NA,NA,NA,NA,NA
IRIS 313-7914,JAP,I,Ivory_Coast,NA,NA,NA,NA,NA,NA,NA,NA,NA,NA,NA
IRIS 313-7924,ADM,I,Bolivia,NA,NA,NA,NA,NA,NA,NA,NA,NA,NA,NA
IRIS 313-7933,ADM,T,Nepal,1,1,5,7.6,3.4,2,1,2.8,NA,4.219507705,2
IRIS 313-7994,JAP,T,Madagascar,NA,NA,NA,NA,NA,NA,NA,NA,NA,NA,NA
IRIS 313-8010,JAP,I,Philippines,NA,NA,NA,NA,NA,NA,NA,NA,NA,NA,NA
IRIS 313-8024,JAP,NA,Italy,NA,NA,NA,NA,NA,NA,NA,NA,NA,NA,NA
IRIS 313-8037,JAP,NA,Italy,NA,NA,NA,NA,NA,NA,NA,NA,NA,NA,NA
IRIS 313-8064,JAP,I,Argentina,NA,NA,NA,NA,NA,NA,NA,NA,NA,NA,NA
IRIS 313-8066,JAP,NA,Italy,NA,NA,NA,NA,NA,NA,NA,NA,NA,NA,NA
IRIS 313-8074,JAP,I,Australia,NA,NA,NA,NA,NA,NA,NA,NA,NA,NA,NA
IRIS 313-8085,JAP,NA,Spain,NA,NA,NA,NA,NA,NA,NA,NA,NA,NA,NA
IRIS 313-8115,JAP,NA,Portugal,NA,NA,NA,NA,NA,NA,NA,NA,NA,NA,NA
IRIS 313-8118,JAP,NA,Portugal,NA,NA,NA,NA,NA,NA,NA,NA,NA,NA,NA
IRIS 313-8119,JAP,NA,Bulgaria,NA,NA,NA,NA,NA,NA,NA,NA,NA,NA,NA
IRIS 313-8123,JAP,NA,Portugal,NA,NA,NA,NA,NA,NA,NA,NA,NA,NA,NA
IRIS 313-8125,JAP,NA,Bulgaria,NA,NA,NA,NA,NA,NA,NA,NA,NA,NA,NA
IRIS 313-8127,JAP,NA,Bulgaria,NA,NA,NA,NA,NA,NA,NA,NA,NA,NA,NA
IRIS 313-8129,JAP,NA,Bulgaria,NA,NA,NA,NA,NA,NA,NA,NA,NA,NA,NA
IRIS 313-8140,JAP,NA,China,NA,NA,NA,NA,NA,NA,NA,NA,NA,NA,NA
IRIS 313-8151,JAP,P,Portugal,NA,NA,NA,NA,NA,NA,NA,NA,NA,NA,NA
IRIS 313-8166,JAP,NA,France,NA,NA,NA,NA,NA,NA,NA,NA,NA,NA,NA
IRIS 313-8167,JAP,I,France,NA,NA,NA,NA,NA,NA,NA,NA,NA,NA,NA
IRIS 313-8168,JAP,NA,France,NA,NA,NA,NA,NA,NA,NA,NA,NA,NA,NA
IRIS 313-8172,ADM,NA,Philippines,NA,NA,NA,NA,NA,NA,NA,NA,NA,NA,NA
IRIS 313-8173,JAP,I,United_States,NA,NA,NA,NA,NA,NA,NA,NA,NA,NA,NA
IRIS 313-8177,JAP,NA,Italy,NA,NA,NA,NA,NA,NA,NA,NA,NA,NA,NA
IRIS 313-8185,JAP,NA,Italy,NA,NA,NA,NA,NA,NA,NA,NA,NA,NA,NA
IRIS 313-8204,JAP,I,United_States,NA,NA,NA,NA,NA,NA,NA,NA,NA,NA,NA
IRIS 313-8208,JAP,NA,Portugal,NA,NA,NA,NA,NA,NA,NA,NA,NA,NA,NA
IRIS 313-8293,IND,NA,Senegal,1,2,3,8.7,2.8,3,1,2.3,2,4.875197323,1
IRIS 313-8305,IND,T,India,1,1,5,9.6,3.2,4,1,3.2,2,4.430816799,2
IRIS 313-8312,IND,T,Malaysia,2,1,NA,8,3.3,4,2,2.1,1,5.087596335,1
IRIS 313-8321,AUS,P,Bangladesh,2,2,5,7.4,3.1,3,2,2.4,1,4.875197323,1
IRIS 313-8323,JAP,I,United_States,NA,NA,NA,NA,NA,NA,NA,NA,NA,NA,NA
IRIS 313-8326,ARO,NA,India,2,1,1,6.2,3.2,3,2,1.6,2,4.615120517,1
IRIS 313-8332,IND,NA,India,1,2,7,9.9,2.8,4,1,2.1,2,4.644390899,2
IRIS 313-8341,IND,NA,Vietnam,2,2,1,8.8,2.6,3,2,1.6,1,4.859812404,1
IRIS 313-8349,IND,T,Bangladesh,2,2,5,8.8,3.1,3,2,2.7,1,5.023880521,2
IRIS 313-8356,JAP,T,Philippines,2,1,3,8.3,3.8,3,1,3.8,2,4.477336814,1
IRIS 313-8381,JAP,T,Malaysia,2,1,5,8.4,3.9,3,1,3.3,2,4.672828834,2
IRIS 313-8386,IND,NA,India,1,2,3,9,3,4,1,2.6,1,4.624972813,1
IRIS 313-8391,IND,NA,Burkina_Faso,NA,NA,NA,NA,NA,NA,NA,NA,NA,NA,NA
IRIS 313-8407,IND,T,Malaysia,NA,NA,NA,NA,NA,NA,NA,NA,NA,NA,NA
IRIS 313-8436,JAP,T,Indonesia,2,2,3,8.7,3.2,3,1,2.6,2,4.787491743,1
IRIS 313-8453,IND,NA,India,2,1,5,8.5,2.6,4,2,2,2,4.543294782,2
IRIS 313-8454,IND,NA,Taiwan,2,1,1,8.1,3.1,3,2,2.3,1,4.465908119,1
IRIS 313-8493,IND,T,Indonesia,2,1,3,7.5,2.6,3,1,1.9,1,5.049856007,2
IRIS 313-8530,IND,T,India,2,2,5,8.1,3.4,4,1,2.1,2,4.795790546,1
IRIS 313-8557,IND,T,Malaysia,1,2,7,8.5,2.8,3,1,2.1,1,4.882801923,1
IRIS 313-8568,IND,T,India,1,1,5,8.2,3,3,1,2.1,1,4.430816799,2
IRIS 313-8571,IND,T,Tanzania,2,1,3,10.8,3.2,4,2,3.3,2,4.744932128,2
IRIS 313-8585,IND,NA,India,2,2,3,9.1,3.1,4,1,2.7,2,4.624972813,1
IRIS 313-8586,IND,T,Thailand,NA,2,7,9.3,3.5,NA,2,3.6,2,4.804021045,1
IRIS 313-8595,IND,NA,Madagascar,2,1,3,10.3,2.9,4,2,3.1,2,4.564348191,NA
IRIS 313-8606,IND,P,na,2,2,5,8.4,2.9,4,1,2.1,1,4.941642423,2
IRIS 313-8627,JAP,I,United_States,2,1,5,9.6,3.1,3,1,3,2,4.406719247,1
IRIS 313-8641,AUS,P,Bangladesh,1,1,1,9,2.6,3,1,1.9,2,4.276666119,2
IRIS 313-8658,JAP,I,United_States,1,1,3,9,2.4,3,1,2.2,2,4.521788577,1
IRIS 313-8659,IND,NA,Myanmar,NA,NA,NA,NA,NA,NA,NA,NA,NA,NA,NA
IRIS 313-8660,IND,T,Sri_Lanka,2,1,5,7.4,3.1,3,2,2.5,2,4.356708827,2
IRIS 313-8665,JAP,I,United_States,1,1,5,8.3,3.2,2,1,2.7,2,4.343805422,2
IRIS 313-8681,IND,T,Guinea,NA,NA,NA,NA,NA,NA,NA,NA,NA,NA,NA
IRIS 313-8687,JAP,T,Guinea-Bissau,2,1,5,8.1,3.6,3,1,2.9,2,4.564348191,1
IRIS 313-8690,JAP,NA,Vietnam,1,1,1,7.9,3.7,3,1,2.6,1,4.624972813,1
IRIS 313-8703,IND,P,Bangladesh,2,1,1,8.5,3.1,4,2,2.4,1,4.912654886,1
IRIS 313-8725,IND,T,Indonesia,1,2,5,7.8,2.5,4,1,1.7,2,4.762173935,2
IRIS 313-8745,JAP,NA,Haiti,2,1,5,9.4,3.2,3,1,2.7,2,4.406719247,1
IRIS 313-8751,IND,NA,Myanmar,2,2,3,9.5,2.6,4,1,2.3,2,4.584967479,1
IRIS 313-8755,JAP,I,Japan,1,1,5,7.4,3.5,3,1,2.6,2,4.234106505,1
IRIS 313-8768,JAP,T,Ivory_Coast,2,1,5,9.3,3.2,3,1,2.6,2,4.615120517,1
IRIS 313-8803,JAP,I,United_States,2,1,1,9.6,2.4,4,1,1.9,2,4.543294782,1
IRIS 313-8864,AUS,T,Bangladesh,2,2,3,8.3,3.7,3,1,2.6,1,4.110873864,2
IRIS 313-8883,JAP,T,Malaysia,NA,NA,NA,NA,NA,NA,NA,NA,NA,NA,NA
IRIS 313-8909,IND,T,Tanzania,2,1,5,9.8,2.7,4,2,2.4,1,4.927253685,2
IRIS 313-8911,ARO,T,Thailand,NA,NA,NA,NA,NA,NA,NA,NA,NA,NA,NA
IRIS 313-8923,JAP,I,United_States,2,1,5,9.8,2.4,3,2,2.5,1,4.33073334,1
IRIS 313-8924,IND,T,India,1,1,3,8,3.1,3,2,2.3,2,4.624972813,1
IRIS 313-8925,IND,T,Sri_Lanka,1,2,3,8.4,3.1,3,1,2.3,1,4.564348191,2
IRIS 313-8930,IND,T,Bangladesh,1,1,5,7.9,3,3,2,2.7,1,4.644390899,2
IRIS 313-8935,IND,NA,India,2,1,3,8.4,2.3,3,2,1.7,2,4.584967479,2
IRIS 313-8940,IND,NA,China,1,1,3,7.9,2.9,2,1,1.8,1,4.406719247,2
IRIS 313-8948,IND,T,Philippines,2,1,5,8.7,2.9,4,2,2.5,2,4.820281566,1
IRIS 313-8967,IND,NA,India,2,2,5,9.6,2.8,4,1,2.3,2,4.624972813,2
IRIS 313-8982,AUS,NA,India,2,2,7,8.7,2.8,4,2,2.5,2,4.418840608,1
IRIS 313-8985,IND,T,Thailand,2,2,3,8.2,2.9,3,2,2.6,1,4.8978398,2
IRIS 313-8986,AUS,T,India,1,2,1,8.8,2.5,3,NA,2.3,2,4.406719247,2
IRIS 313-8988,IND,T,India,2,2,3,8.7,3,3,2,2.8,1,4.574710979,2
IRIS 313-9020,IND,T,Thailand,2,1,5,9.4,2.6,3,2,2.8,1,4.976733742,2
IRIS 313-9023,IND,P,India,1,1,1,9.2,2.9,2,1,2.5,1,4.553876892,1
IRIS 313-9039,IND,T,Sri_Lanka,2,1,3,5.7,3,4,2,1.7,1,4.736198448,2
IRIS 313-9048,JAP,T,Bhutan,1,2,5,7,2.9,3,2,2.1,2,4.49980967,2
IRIS 313-9066,IND,P,Bangladesh,2,2,NA,9.4,2.9,3,1,2.5,2,4.356708827,2
IRIS 313-9067,IND,T,Bangladesh,2,2,5,9.9,3.3,2,1,2.1,2,4.634728988,1
IRIS 313-9112,IND,NA,Thailand,2,1,3,9.8,2.7,4,2,2.4,1,4.875197323,1
IRIS 313-9116,IND,NA,Thailand,2,1,1,10,3,4,2,3,1,5.017279837,1
IRIS 313-9117,IND,T,Indonesia,2,1,5,8.3,2.7,4,2,2.2,1,5.099866428,2
IRIS 313-9121,IND,T,Thailand,2,2,5,10,3.1,3,1,3,1,4.882801923,2
IRIS 313-9131,IND,NA,Vietnam,2,2,5,9.3,2.9,3,2,2.5,NA,5.111987788,2
IRIS 313-9148,IND,P,Bangladesh,2,2,3,7.8,3.2,4,1,2.4,1,4.709530201,2
IRIS 313-9156,IND,I,Bangladesh,1,2,5,9.2,2.5,3,1,2.1,2,4.691347882,2
IRIS 313-9160,IND,NA,Senegal,2,2,5,8.8,2.6,4,2,1.9,2,4.882801923,1
IRIS 313-9182,IND,NA,Myanmar,1,1,3,NA,NA,2,2,NA,1,4.718498871,2
IRIS 313-9198,IND,NA,Laos,NA,NA,NA,NA,NA,NA,NA,NA,NA,NA,NA
IRIS 313-9228,JAP,P,Japan,1,1,5,7.3,3.3,2,1,2.7,2,4.276666119,1
IRIS 313-9262,IND,T,Bangladesh,1,2,3,8.9,2.9,3,1,2.2,1,4.634728988,1
IRIS 313-9294,IND,NA,Gambia,2,1,3,8.6,2.5,2,2,2.5,2,4.955827058,2
IRIS 313-9320,IND,T,Indonesia,2,2,3,8.9,3.3,4,1,2.8,2,4.553876892,1
IRIS 313-9324,IND,T,China,2,2,3,8.3,2.8,3,2,2.4,2,4.406719247,1
IRIS 313-9372,IND,NA,China,2,1,1,7.8,3.2,2,2,2.4,2,4.49980967,1
IRIS 313-9379,JAP,T,South_Korea,1,1,5,6.7,3.4,2,1,2,2,4.382026635,1
IRIS 313-9384,IND,T,India,1,1,3,8,2.1,3,1,1.3,1,4.430816799,2
IRIS 313-9406,IND,T,Thailand,NA,NA,NA,NA,NA,NA,NA,NA,NA,NA,NA
IRIS 313-9409,IND,T,Malaysia,2,1,5,9.6,2.7,4,2,2.4,1,5.111987788,1
IRIS 313-9422,AUS,T,Bangladesh,1,2,3,7.2,2.7,3,1,2,2,4.17438727,2
IRIS 313-9427,IND,NA,India,1,1,1,8.9,2.6,3,2,2.5,2,4.521788577,1
IRIS 313-9449,AUS,T,Pakistan,2,1,5,8.9,2.8,3,2,2.4,2,4.406719247,1
IRIS 313-9464,IND,I,Surinam,1,1,1,11.8,2.8,3,1,3.4,1,4.406719247,1
IRIS 313-9469,IND,T,China,2,2,1,8.6,3.4,3,2,2.8,1,4.406719247,1
IRIS 313-9470,JAP,T,Indonesia,2,1,5,7.9,2.9,3,2,2,2,4.753590191,2
IRIS 313-9472,IND,NA,Sri_Lanka,2,1,5,8.5,3.2,3,2,2.8,1,4.795790546,2
IRIS 313-9523,JAP,I,Japan,2,1,5,7.6,3.6,2,1,2.5,2,4.234106505,1
IRIS 313-9570,IND,NA,China,1,1,3,9.5,3,2,2,2.9,1,4.454347296,1
IRIS 313-9590,IND,T,Indonesia,2,2,5,8.4,2.8,4,1,2,1,4.605170186,2
IRIS 313-9594,IND,T,Bangladesh,2,1,3,7.5,3,3,2,2.6,1,4.736198448,2
IRIS 313-9602,IND,NA,Thailand,2,1,5,10.1,3,4,2,3,2,4.605170186,2
IRIS 313-9605,IND,T,India,NA,2,5,7.9,3,NA,2,2.2,1,4.430816799,1
IRIS 313-9626,AUS,T,Bangladesh,1,2,5,8.9,3.1,3,1,2.4,1,4.343805422,2
IRIS 313-9701,JAP,I,Taiwan,1,1,1,7.2,3.3,3,1,2.6,2,4.430816799,1
IRIS 313-9790,JAP,NA,Uruguay,2,1,5,8.3,3.3,2,1,2.8,1,4.248495242,1
IRIS 313-9917,IND,T,Sri_Lanka,NA,2,1,7.8,2.8,NA,2,2,1,4.317488114,1
IRIS 313-9922,IND,I,South_Korea,1,1,3,8,2.9,2,2,2.5,2,4.382026635,1
IRIS 313-9935,IND,NA,Guyana,1,2,5,8,2.5,3,2,1.9,1,4.86753445,1
IRIS 313-9936,IND,NA,Sri_Lanka,2,2,5,7.6,2.5,3,2,1.7,1,4.94875989,2
IRIS 313-9937,JAP,NA,Italy,1,1,5,9.8,3.3,3,1,2.8,1,4.33073334,1
IRIS 313-9944,IND,NA,Solomon_Islands,1,1,3,8.8,3.2,3,2,2.5,2,4.59511985,1
IRIS 313-9961,JAP,NA,Norway,1,1,5,8.9,3.3,2,2,2.7,2,4.189654742,1
IRIS 313-9963,AUS,NA,Sri_Lanka,NA,NA,NA,NA,NA,NA,NA,NA,NA,NA,NA
IRIS 313-9966,IND,P,Colombia,1,1,1,9.8,2.6,3,2,2.5,1,4.584967479,2
IRIS 313-9968,IND,T,Sri_Lanka,1,2,1,8,3.4,3,2,3,1,4.727387819,2
IRIS 313-9996,JAP,I,South_Korea,1,1,5,7.1,2.9,1,1,2.6,2,4.219507705,1
