"X3K_DNA_IRIS_UNIQUE_ID","Status_with_Pedigree.plus.knowledge","Region_of_Origin","K9_group_Admixture","Genetic_Stock_Accession","Country_Origin_updated","Culm.diameter...1st.internode","culm.strength","flag.leaf.angle","grain.length","grain.width","leaf.length","leaf.senescence","Grain.weight","Salt.injury.at.EC12","Time.to.flowering..from.sowing","panicle.threshability"
"IRIS_313_10000","I","EAR","XI-1B","IRGC 125907","Korea, Republic of",1,1,1,8.2,3.1,2,1,2.6,1,4.43081679884331,1
"IRIS_313_10010","T","OCE","XI-2","IRGC 125818","Fiji",2,2,5,8,3.1,3,2,2.2,1,4.91265488573605,2
"IRIS_313_10020","T","IOC","cA (Aus)","IRGC 120968","Sri Lanka",1,2,3,7.9,2.7,3,2,2,2,4.59511985013459,1
"IRIS_313_10026",NA,"IOC","XI-2","IRGC 125804","Madagascar",1,1,3,8.3,2.7,3,2,2.1,2,4.55387689160054,2
"IRIS_313_10059",NA,"EAR","GJ-tmp","IRGC 125717","Korea, Republic of",1,1,3,7.5,3.3,2,1,2.7,1,4.29045944114839,1
"IRIS_313_10078","T","EAR","GJ-trp","IRGC 125947","Japan",1,1,3,9.1,3.8,2,1,3.3,2,4.35670882668959,1
"IRIS_313_10097","T","EAR","GJ-tmp","IRGC 125830","Korea, Republic of",1,1,5,7.1,3.5,2,1,1.8,2,4.11087386417331,2
"IRIS_313_10109","T","WAF","XI-3","IRGC 125735","Nigeria",2,1,1,10.2,3.1,3,2,3.2,1,4.76217393479776,1
"IRIS_313_10114","I","EAF","XI-2","IRGC 125739","Burundi",2,1,3,8.5,2.7,3,2,2.7,2,4.43081679884331,2
"IRIS_313_10134",NA,"SEA","XI-3","IRGC 125871","Thailand",2,2,3,9.8,2.8,3,1,2.7,1,4.9416424226093,2
"IRIS_313_10158",NA,"SAM","XI-adm","IRGC 126080","Ecuador",1,1,5,10.2,2.8,4,2,2.6,2,4.88280192258637,2
"IRIS_313_10171",NA,"EAS","XI-1A","IRGC 125944","China",1,1,1,8.9,3.1,2,2,2.9,1,4.52178857704904,1
"IRIS_313_10177",NA,"EAS","XI-adm","IRGC 125719","China",2,2,5,7.6,3.1,4,2,2,1,4.59511985013459,1
"IRIS_313_10179",NA,"EAS","XI-adm","IRGC 125755","China",1,1,5,8.4,2.8,3,2,2.3,1,4.4188406077966,1
"IRIS_313_10189",NA,"EAS","XI-1A","IRGC 125723","China",1,1,3,7.4,3,3,2,2.2,2,4.52178857704904,2
"IRIS_313_10221",NA,"EAS","XI-adm","IRGC 125663","China",2,1,3,7.7,2.8,2,2,2.1,1,4.27666611901606,1
"IRIS_313_10228",NA,"EAS","GJ-tmp","IRGC 125758","China",2,1,5,6.6,3.1,4,2,1.9,2,4.40671924726425,1
"IRIS_313_10235","I","SER-IRRI","XI-adm","IRGC 125874","Philippines",2,1,1,10.1,2.7,3,2,3.2,1,4.64439089914137,2
"IRIS_313_10237","I","SER-IRRI","XI-1B",NA,"Philippines",NA,NA,NA,NA,NA,NA,NA,NA,NA,NA,NA
"IRIS_313_10260",NA,"SAM","XI-adm","IRGC 125957","Paraguay",NA,2,5,9,2.4,NA,2,2.1,2,4.60517018598809,1
"IRIS_313_10301","I","SAM","XI-adm","IRGC 126064","Brazil",NA,2,5,10,2.4,NA,2,2.1,1,4.40671924726425,1
"IRIS_313_10327",NA,"SAM","GJ-trp","IRGC 127042","Peru",NA,NA,NA,NA,NA,NA,NA,NA,2,NA,NA
"IRIS_313_10332","I","SER","XI-adm","IRGC 126044","Indonesia",NA,2,3,8.5,2.6,NA,2,2.4,2,4.67282883446191,1
"IRIS_313_10333","I","SER","XI-1B","IRGC 125951","Indonesia",NA,2,3,7.7,2.8,NA,2,2.4,2,4.43081679884331,1
"IRIS_313_10337","I","SER","XI-adm","IRGC 125953","Indonesia",NA,2,7,8.4,2.9,NA,2,2.7,2,4.55387689160054,1
"IRIS_313_10352","I","SAM","XI-adm","IRGC 120922","Colombia",NA,2,3,9.1,2.5,NA,2,2.9,1,4.43081679884331,1
"IRIS_313_10392","I","SER-IRRI","XI-1B","IRGC 127075","Philippines",NA,2,1,9.2,2.3,NA,2,2.2,2,4.7361984483945,1
"IRIS_313_10394","I","SER-IRRI","XI-adm","IRGC 125986","Philippines",NA,2,7,8.7,2.9,NA,2,2.1,1,4.54329478227,1
"IRIS_313_10397","I","SAM","XI-1B","IRGC 120991","Colombia",NA,2,3,10,2.2,NA,2,2.2,1,4.34380542185368,1
"IRIS_313_10423",NA,"SEA","XI-adm","IRGC 121160","Myanmar",NA,2,7,8.6,2.9,NA,2,3.4,2,4.46590811865458,1
"IRIS_313_10440",NA,"SER","GJ-tmp","IRGC 127642","Philippines",NA,2,7,7.2,3.4,NA,2,2.4,1,4.52178857704904,1
"IRIS_313_10458","P","EAS","XI-1A","IRGC 127695","China",2,2,5,7.8,3.2,3,2,2,1,4.24849524204936,1
"IRIS_313_10469","I","EAR","GJ-tmp","IRGC 128347","Japan",1,1,5,7.5,3.6,2,1,2.8,1,4.31748811353631,1
"IRIS_313_10477",NA,"EAS","XI-adm","IRGC 128454","China",2,1,1,8.4,3,3,2,2.3,1,4.38202663467388,1
"IRIS_313_10503",NA,"EAS","XI-1A","IRGC 127398","China",2,1,3,8.8,3,3,2,2.1,2,4.38202663467388,1
"IRIS_313_10509",NA,"WAF","XI-3","IRGC 127120","West Africa",2,1,1,8.1,2.6,4,2,1.4,2,4.89783979995091,1
"IRIS_313_10511","T","SER","XI-3","IRGC 128101","Philippines",NA,2,5,9.2,2.6,NA,2,2.7,1,4.84418708645859,1
"IRIS_313_10515","I","EAR","XI-1A","IRGC 127836","Taiwan",2,2,1,7.4,3.1,3,2,2.2,1,4.46590811865458,1
"IRIS_313_10518",NA,"SEA","XI-adm","IRGC 128088","Myanmar",2,2,1,8.5,3.8,5,2,2.8,1,4.75359019110636,1
"IRIS_313_10519","P","SAC","XI-2","IRGC 135733","India",2,1,5,7.1,2.7,5,2,2.9,NA,5.01727983681492,1
"IRIS_313_10524",NA,"SEA","XI-3","IRGC 136182","Thailand",NA,NA,NA,NA,NA,NA,NA,NA,NA,NA,NA
"IRIS_313_10526",NA,"SAC","XI-2",NA,"India",NA,NA,NA,NA,NA,NA,NA,NA,NA,NA,NA
"IRIS_313_10534","P","SAC","cA (Aus)","IRGC 127290","India",1,2,5,8.1,3,3,2,2.3,2,4.24849524204936,1
"IRIS_313_10541","P","WAF","GJ-trp","IRGC 131990","Guinea-Bissau",2,2,3,9.6,2.7,3,2,2.4,2,4.4188406077966,1
"IRIS_313_10542",NA,"SAC","XI-2","IRGC 127992","India",2,2,1,8,3.3,3,2,2.5,1,4.4188406077966,1
"IRIS_313_10544",NA,"SAC","XI-2","IRGC 127340","India",2,2,1,7.8,3.2,3,2,2.4,2,4.24849524204936,1
"IRIS_313_10547","P","SEA","XI-adm","IRGC 128007","Myanmar",2,1,1,8.7,3.5,4,2,2.9,1,4.94875989037817,1
"IRIS_313_10550","i","SER","XI-adm","IRGC 135561","Indonesia",2,2,5,9.7,2.8,4,2,2.7,NA,4.77068462446567,1
"IRIS_313_10560",NA,"EAS","XI-1A","IRGC 127848","China",2,1,1,8.3,3.3,3,2,2.1,1,4.58496747867057,1
"IRIS_313_10561",NA,"EAS","XI-1A","IRGC 127645","China",2,1,1,8.6,3.3,3,2,2.6,1,4.47733681447821,1
"IRIS_313_10563","P","EAS","GJ-tmp","IRGC 128469","China",1,1,5,9.5,3.4,2,1,3.2,2,4.39444915467244,1
"IRIS_313_10564","P","EAR","GJ-tmp","IRGC 128209","Japan",1,2,3,7.4,3.4,3,1,2.4,2,4.43081679884331,1
"IRIS_313_10570",NA,"EAR","GJ-tmp","IRGC 128263","Japan",1,1,5,7.5,3.5,2,1,2.6,1,4.53259949315326,1
"IRIS_313_10576",NA,"WAF","XI-2","IRGC 127979","Sierra Leone",2,1,1,10.3,3.1,4,2,3,1,4.77068462446567,1
"IRIS_313_10577","T","SER","GJ-trp","IRGC 128318","Philippines",2,1,5,9.6,3.8,5,1,2.1,2,4.68213122712422,1
"IRIS_313_10578","T","SER","GJ-trp","IRGC 132028","Philippines",NA,2,7,9,3.6,NA,2,2.9,1,4.69134788222914,1
"IRIS_313_10582","T","SER","GJ-trp","IRGC 128440","Philippines",2,1,5,9.4,3.8,4,1,2.5,1,4.68213122712422,1
"IRIS_313_10602","P","SAE","cA (Aus)","IRGC 127329","Bangladesh",2,1,1,8,3.4,3,2,2.4,2,4.51085950651685,1
"IRIS_313_10603","P","SAE","cA (Aus)","IRGC 127871","Bangladesh",2,1,5,8.5,3.2,3,2,2.8,2,4.51085950651685,1
"IRIS_313_10605","P","SAE","cA (Aus)","IRGC 127348","Bangladesh",2,1,1,8.1,3.2,3,2,2.5,1,4.51085950651685,1
"IRIS_313_10609","T","IOC","XI-adm","IRGC 127612","Sri Lanka",2,1,1,8.2,3.2,4,2,2.2,1,4.69134788222914,1
"IRIS_313_10614",NA,"EAS","XI-adm","IRGC 128049","Hong Kong",2,1,1,8.5,3.2,4,2,3.1,1,4.61512051684126,1
"IRIS_313_10617",NA,"WAS","GJ-tmp","IRGC 131998","Uzbekistan",1,1,5,7.9,3.7,2,1,2.4,1,4.47733681447821,1
"IRIS_313_10623",NA,"SAC","cA (Aus)","IRGC 127804","Nepal",1,2,5,8.7,3,3,1,2.3,1,4.30406509320417,2
"IRIS_313_10628","T","SAC","XI-2","IRGC 132361","India",2,2,5,8.9,2.6,4,1,2.1,1,4.84418708645859,2
"IRIS_313_10642","P","EAR","GJ-tmp","IRGC 128455","Japan",1,1,3,7.6,3.4,2,1,2.6,1,4.39444915467244,1
"IRIS_313_10652","T","SEA","XI-3","IRGC 127268","Lao People's Democratic Republic",2,2,3,9.6,2.9,4,1,2.6,1,4.46590811865458,2
"IRIS_313_10654","P","SEA","XI-3","IRGC 128335","Lao People's Democratic Republic",1,1,5,10.8,2.9,3,1,2.2,2,4.33073334028633,2
"IRIS_313_10657",NA,"SEA","GJ-sbtrp","IRGC 135801","Lao People's Democratic Republic",2,2,5,8.7,3.2,4,1,3,NA,4.30406509320417,1
"IRIS_313_10664",NA,"SAC","XI-2","IRGC 127163","India",1,2,1,8.2,2.7,3,1,2.1,2,4.57471097850338,1
"IRIS_313_10666",NA,"SAC","XI-adm","IRGC 127164","India",1,2,3,9.8,2.9,3,1,1.5,2,4.57471097850338,1
"IRIS_313_10671",NA,"SAC","XI-adm","IRGC 127128","India",1,2,5,8.7,2.8,4,1,2,2,4.4188406077966,2
"IRIS_313_10675","T","SAC","XI-adm","IRGC 127132","India",1,2,5,8.7,2.8,3,1,2.7,2,4.33073334028633,2
"IRIS_313_10677","P","EAR","GJ-tmp","IRGC 128277","Japan",1,1,1,7.4,3.3,3,1,2.3,2,4.20469261939097,1
"IRIS_313_10682","T","SEA","XI-3","IRGC 127707","Lao People's Democratic Republic",2,1,1,8.6,3.7,3,1,2.7,1,4.71849887129509,1
"IRIS_313_10687","T","SER","XI-3",NA,"Malaysia",NA,NA,NA,NA,NA,NA,NA,NA,NA,NA,NA
"IRIS_313_10688","T","SER","XI-3","IRGC 135782","Malaysia",2,2,5,8.2,2.7,3,1,2.5,NA,4.96284463025991,1
"IRIS_313_10693","T","SER","GJ-trp","IRGC 132268","Indonesia",2,1,7,8.9,3.3,3,1,3.6,2,4.71849887129509,1
"IRIS_313_10697","T","SER","XI-3",NA,"Malaysia",NA,NA,NA,NA,NA,NA,NA,NA,NA,NA,NA
"IRIS_313_10703","T","SER","GJ-trp","IRGC 128418","Malaysia",2,1,5,9.2,3.1,3,1,2.8,2,4.51085950651685,1
"IRIS_313_10706","T","SER","XI-3",NA,"Malaysia",NA,NA,NA,NA,NA,NA,NA,NA,NA,NA,NA
"IRIS_313_10707","T","SER","XI-3",NA,"Malaysia",NA,NA,NA,NA,NA,NA,NA,NA,NA,NA,NA
"IRIS_313_10710","T","SAM","GJ-trp","IRGC 128135","Surinam",2,2,3,8,3.4,3,1,2.9,2,4.51085950651685,1
"IRIS_313_10712",NA,"WAF","GJ-trp","IRGC 128354","Cote d'Ivoire",2,1,3,9.6,3.7,3,1,3.4,1,4.51085950651685,1
"IRIS_313_10718","T","IOC","cA (Aus)","IRGC 128073","Sri Lanka",1,2,3,7.3,2.9,3,1,2.2,2,4.34380542185368,2
"IRIS_313_10723",NA,"WAF","XI-2","IRGC 128111","Senegal",2,2,3,8.1,2.8,4,1,2.4,2,4.77912349311153,1
"IRIS_313_10725",NA,"WAF","XI-adm","IRGC 128518","Senegal",2,2,3,8.7,3.4,4,1,3.1,1,4.58496747867057,1
"IRIS_313_10726",NA,"WAF","XI-3","IRGC 128139","Senegal",2,2,3,9.2,2.5,4,1,2.1,1,4.77912349311153,1
"IRIS_313_10727",NA,"WAF","XI-3",NA,"Senegal",NA,NA,NA,NA,NA,NA,NA,NA,NA,NA,NA
"IRIS_313_10728",NA,"WAF","XI-adm","IRGC 132261","Senegal",1,2,1,7.9,3.2,4,1,2.5,1,4.83628190695148,1
"IRIS_313_10733",NA,"SAC","XI-adm","IRGC 127634","Nepal",1,2,5,9.6,3,3,1,2.2,2,4.51085950651685,2
"IRIS_313_10744","T","SER","GJ-trp","IRGC 127811","Indonesia",1,1,5,6.9,3.2,3,1,2.3,1,4.74493212836325,1
"IRIS_313_10748","T","SEA","XI-adm","IRGC 127578","Viet Nam",1,2,5,8.6,2.6,3,1,2,1,4.23410650459726,1
"IRIS_313_10756","I","SAC","XI-2","IRGC 127299","India",1,2,1,7.6,2.9,2,1,2.1,1,4.29045944114839,1
"IRIS_313_10762","T","SER","XI-3","IRGC 127207","Indonesia",2,2,7,8.4,3,3,1,2.9,2,4.70953020131233,1
"IRIS_313_10771","T","SER","GJ-trp",NA,"Indonesia",NA,NA,NA,NA,NA,NA,NA,NA,NA,NA,NA
"IRIS_313_10774","T","SER","XI-adm","IRGC 127404","Indonesia",2,2,3,9.5,3,3,1,2.6,2,4.70953020131233,1
"IRIS_313_10778","T","SER","XI-3",NA,"Indonesia",NA,NA,NA,NA,NA,NA,NA,NA,NA,NA,NA
"IRIS_313_10779","T","SER","XI-3","IRGC 128521","Indonesia",1,2,5,9.5,2.3,3,1,2.3,2,4.74493212836325,2
"IRIS_313_10786","T","SER","XI-3",NA,"Indonesia",NA,NA,NA,NA,NA,NA,NA,NA,NA,NA,NA
"IRIS_313_10787","T","SER","XI-3",NA,"Indonesia",NA,NA,NA,NA,NA,NA,NA,NA,NA,NA,NA
"IRIS_313_10789","T","SER","GJ-trp","IRGC 132009","Indonesia",1,2,7,9.6,3.1,4,1,3.4,1,4.66343909411207,1
"IRIS_313_10793","T","SER","GJ-trp","IRGC 132257","Indonesia",2,2,5,7.8,3.6,4,1,2.5,2,4.38202663467388,1
"IRIS_313_10794","T","SER","GJ-trp","IRGC 127624","Indonesia",2,1,5,8.6,3,4,1,2.1,2,4.47733681447821,1
"IRIS_313_10797","T","SER","XI-3","IRGC 132357","Indonesia",2,2,5,9.8,2.7,4,1,2.7,1,4.74493212836325,2
"IRIS_313_10798","T","SER","GJ-trp","IRGC 135640","Indonesia",1,1,5,6.9,3.5,3,1,2.2,NA,4.38202663467388,1
"IRIS_313_10802","T","SER","GJ-trp",NA,"Indonesia",NA,NA,NA,NA,NA,NA,NA,NA,NA,NA,NA
"IRIS_313_10805","T","SER","GJ-trp","IRGC 127746","Indonesia",2,1,5,8.3,3.4,3,1,2.6,2,4.59511985013459,1
"IRIS_313_10806","T","SER","XI-3","IRGC 135789","Indonesia",1,2,5,8.9,2.8,3,1,2.2,NA,4.78749174278205,1
"IRIS_313_10810","T","SER","XI-3","IRGC 135793","Indonesia",2,2,5,9.6,3.3,4,1,2.7,NA,4.66343909411207,1
"IRIS_313_10813","T","SER","XI-3",NA,"Indonesia",NA,NA,NA,NA,NA,NA,NA,NA,NA,NA,NA
"IRIS_313_10814","T","SER","XI-3","IRGC 128163","Indonesia",2,1,3,9.6,2.6,4,1,2.3,1,4.74493212836325,1
"IRIS_313_10816","T","SER","GJ-trp","IRGC 128164","Indonesia",1,2,5,8.5,3.6,3,1,2.8,1,4.78749174278205,1
"IRIS_313_10820","T","SER","XI-3","IRGC 128189","Indonesia",2,2,3,8.5,3.1,3,1,2.6,2,4.66343909411207,1
"IRIS_313_10822","T","SER","XI-3","IRGC 128199","Indonesia",2,2,5,6.6,3.2,4,1,2,1,4.78749174278205,1
"IRIS_313_10824","T","SER","XI-3","IRGC 128053","Indonesia",2,2,5,9.3,2.7,4,1,2.6,2,4.68213122712422,1
"IRIS_313_10825",NA,"WAF","XI-adm","IRGC 132310","Sierra Leone",2,2,5,8.2,3,4,1,2.6,1,4.68213122712422,2
"IRIS_313_10827","T","SER","GJ-trp","IRGC 128242","Philippines",1,2,5,8.7,2.9,3,1,2.2,2,4.34380542185368,1
"IRIS_313_10834","I","SAC","GJ-sbtrp","IRGC 128314","India",1,2,5,8.9,3.2,2,2,2.4,2,4.30406509320417,1
"IRIS_313_10835","I","SAC","XI-2","IRGC 127727","India",1,2,3,8.3,3,4,1,2.2,1,4.24849524204936,2
"IRIS_313_10840","T","EAR","GJ-tmp","IRGC 128507","Korea, Republic of",1,2,5,6.6,3.3,2,1,2.4,2,4.0943445622221,2
"IRIS_313_10845",NA,"SAC","cA (Aus)","IRGC 132418","India",1,2,5,8.4,3,3,1,2.4,2,4.77068462446567,2
"IRIS_313_10847",NA,"SAC","XI-adm","IRGC 127972","India",2,2,1,8.4,3.4,4,1,2.8,1,4.86753445045558,1
"IRIS_313_10850",NA,"SAC","admix","IRGC 132244","India",2,1,7,8.4,3.8,4,1,2.8,2,4.39444915467244,1
"IRIS_313_10851",NA,"SAC","cB (Bas)","IRGC 132387","India",2,2,3,8.4,3,3,1,2.3,NA,4.86753445045558,1
"IRIS_313_10852",NA,"SAC","cA (Aus)","IRGC 127169","India",2,2,1,7.2,3.5,3,1,2.1,2,4.12713438504509,1
"IRIS_313_10857",NA,"SAC","admix","IRGC 127129","India",1,2,1,10.3,2,3,1,2.5,1,4.45434729625351,2
"IRIS_313_10858",NA,"SAC","XI-adm","IRGC 127131","India",1,2,3,9.1,2.9,4,1,2.1,1,4.45434729625351,1
"IRIS_313_10859",NA,"SAC","XI-adm","IRGC 127933","India",2,2,NA,7.6,2.4,3,1,1.6,2,4.39444915467244,2
"IRIS_313_10861",NA,"SAC","cA (Aus)","IRGC 127134","India",2,2,5,8.1,3.3,3,1,2.4,2,4.21950770517611,1
"IRIS_313_10863",NA,"SAC","XI-2","IRGC 127937","India",2,2,5,8.7,3.1,4,1,2.6,2,4.83628190695148,1
"IRIS_313_10870",NA,"SAC","GJ-sbtrp","IRGC 131966","India",2,1,5,5.7,3.1,4,1,1.7,1,4.39444915467244,1
"IRIS_313_10871",NA,"SAC","cA (Aus)","IRGC 127139","India",2,2,3,8.3,3.2,4,1,2.1,2,4.24849524204936,2
"IRIS_313_10872",NA,"SAC","GJ-adm","IRGC 132421","India",1,2,7,9.3,3.1,3,1,2.6,2,4.34380542185368,1
"IRIS_313_10883",NA,"SAC","admix","IRGC 128224","India",1,2,5,10.8,2.9,3,1,2.7,2,4.45434729625351,1
"IRIS_313_10888",NA,"SAC","GJ-sbtrp","IRGC 127943","India",1,1,7,10.1,3.3,3,1,2.6,2,4.24849524204936,1
"IRIS_313_10889",NA,"SAC","GJ-sbtrp",NA,"India",NA,NA,NA,NA,NA,NA,NA,NA,NA,NA,NA
"IRIS_313_10891",NA,"SAC","cA (Aus)","IRGC 127148","India",2,2,5,7.7,2.8,4,1,1.6,2,4.39444915467244,2
"IRIS_313_10892",NA,"SAC","cA (Aus)","IRGC 127149","India",1,2,3,7.4,2.7,3,1,1.5,2,4.24849524204936,1
"IRIS_313_10894",NA,"SAC","admix","IRGC 127150","India",2,2,3,9.2,3.1,5,1,2.6,2,4.39444915467244,1
"IRIS_313_10895",NA,"SAC","GJ-sbtrp","IRGC 127151","India",2,2,5,6.7,2.5,4,1,1.2,2,4.39444915467244,2
"IRIS_313_10900","T","SEA","XI-3","IRGC 132331","Cambodia",2,2,5,8.6,3.1,4,1,2.3,2,4.93447393313069,2
"IRIS_313_10912","T","SEA","XI-3","IRGC 136185","Cambodia",NA,NA,NA,NA,NA,NA,NA,NA,NA,NA,NA
"IRIS_313_10916","T","SEA","GJ-tmp",NA,"Cambodia",NA,NA,NA,NA,NA,NA,NA,NA,NA,NA,NA
"IRIS_313_10918","T","SER","GJ-trp","IRGC 135803","Philippines",2,1,5,8.7,3.9,3,2,2.8,NA,4.77068462446567,1
"IRIS_313_10921",NA,"SEA","XI-adm","IRGC 132427","Lao People's Democratic Republic",2,1,3,9,3.1,3,2,2.7,2,4.43081679884331,1
"IRIS_313_10922",NA,"SEA","GJ-sbtrp","IRGC 132264","Lao People's Democratic Republic",2,1,5,9.9,3.9,3,2,3.9,1,4.67282883446191,1
"IRIS_313_10923","T","SEA","GJ-sbtrp","IRGC 128256","Thailand",2,1,3,9.8,3.6,3,1,3.2,1,4.66343909411207,1
"IRIS_313_10927","T","SAC","cA (Aus)","IRGC 127828","Nepal",2,2,3,8.8,3.4,4,1,2.4,1,4.55387689160054,2
"IRIS_313_10928","T","SEA","XI-3","IRGC 128342","Thailand",1,2,5,9.6,2.5,3,1,2.4,2,4.20469261939097,1
"IRIS_313_10930","P","SAE","cA (Aus)","IRGC 127714","Bangladesh",2,2,3,7.5,3.2,2,1,2.8,1,4.38202663467388,2
"IRIS_313_10936",NA,"SER","GJ-trp","IRGC 127504","Indonesia",2,2,5,9.9,2.8,4,1,2.3,2,4.74493212836325,1
"IRIS_313_10937","T","SER","XI-3","IRGC 135788","Indonesia",2,2,3,7.8,3.4,4,1,2.5,NA,4.96284463025991,1
"IRIS_313_10938","T","SER","XI-3",NA,"Indonesia",NA,NA,NA,NA,NA,NA,NA,NA,NA,NA,NA
"IRIS_313_10941",NA,"SER","XI-adm","IRGC 127809","Indonesia",2,2,5,9.9,2.9,3,1,2,1,4.68213122712422,1
"IRIS_313_10942","T","SER","XI-3","IRGC 127987","Indonesia",1,1,1,8.9,2.9,3,1,2.3,1,4.78749174278205,1
"IRIS_313_10944","T","SER","XI-3","IRGC 132269","Indonesia",2,2,3,8.8,3.1,4,1,1.9,1,4.89783979995091,1
"IRIS_313_10948",NA,"SER","admix","IRGC 132363","Indonesia",2,1,7,8.5,2.7,5,2,2.3,2,4.71849887129509,1
"IRIS_313_10949",NA,"SER","GJ-trp","IRGC 127851","Indonesia",2,1,3,7.7,3.7,4,1,2.9,1,4.53259949315326,1
"IRIS_313_10954","T","SER","XI-3","IRGC 127700","Indonesia",2,2,5,8.4,3.2,4,1,3,1,4.74493212836325,1
"IRIS_313_10960","T","SER","GJ-trp","IRGC 132042","Indonesia",2,2,5,8.9,2.7,4,1,2.3,2,4.63472898822964,1
"IRIS_313_10961","T","SER","XI-3","IRGC 136187","Indonesia",NA,NA,NA,NA,NA,NA,NA,NA,NA,NA,NA
"IRIS_313_10965","T","SAE","cA (Aus)","IRGC 127859","Bangladesh",1,2,5,8.7,2.6,4,1,2.2,1,4.21950770517611,1
"IRIS_313_10968",NA,"SAM","XI-1A","IRGC 127428","Brazil",1,2,3,8.2,3.1,3,1,2.5,2,4.21950770517611,1
"IRIS_313_10975","T","SAE","XI-2","IRGC 136183","Bangladesh",NA,NA,NA,NA,NA,NA,NA,NA,NA,NA,NA
"IRIS_313_10980","T","SAE","admix","IRGC 127344","Bangladesh",2,2,3,8.5,3,3,1,2.9,2,4.39444915467244,2
"IRIS_313_10984","T","SAE","XI-2","IRGC 128034","Bangladesh",1,2,3,8.6,3.4,4,1,3,2,4.49980967033027,1
"IRIS_313_10986","T","SAE","XI-2","IRGC 128048","Bangladesh",1,2,5,8.2,3.3,4,1,2.3,2,4.49980967033027,2
"IRIS_313_10988","P","SAC","XI-adm","IRGC 132422","India",1,2,5,9.1,2.9,2,1,2.4,1,4.34380542185368,2
"IRIS_313_10990","T","SER","XI-adm","IRGC 127206","Philippines",2,2,5,7.5,3.5,4,1,2.6,2,4.44265125649032,1
"IRIS_313_10994","T","SER","GJ-trp","IRGC 135783","Philippines",1,2,5,8.9,3.3,4,1,2.6,NA,4.56434819146784,1
"IRIS_313_10995","T","SER","XI-3","IRGC 127976","Indonesia",1,2,5,7.8,3.1,4,1,2.6,1,4.76217393479776,2
"IRIS_313_10997","T","SER","XI-3","IRGC 127250","Indonesia",1,2,5,9,2.9,4,1,2,1,4.70048036579242,2
"IRIS_313_10999","T","SER","GJ-trp","IRGC 127550","Indonesia",2,2,5,9.5,3,3,1,2.8,1,4.21950770517611,1
"IRIS_313_11005","T","SER","GJ-trp","IRGC 128140","Indonesia",2,2,5,9,3.4,4,1,2.6,1,4.70048036579242,2
"IRIS_313_11007","T","SER","GJ-trp","IRGC 128141","Indonesia",2,2,5,8.3,3.5,4,1,2.7,1,4.70048036579242,1
"IRIS_313_11016","T","SAE","cA (Aus)","IRGC 128328","Bangladesh",1,2,5,8.1,2.7,3,2,1.9,2,4.40671924726425,1
"IRIS_313_11024","T","SAW","cA (Aus)","IRGC 127217","Pakistan",2,2,3,9.9,3,3,1,3,2,4.35670882668959,1
"IRIS_313_11027","T","SAW","cA (Aus)","IRGC 127454","Pakistan",1,1,1,7.3,2,3,2,1.2,2,4.35670882668959,2
"IRIS_313_11032","T","SAW","cB (Bas)","IRGC 127710","Pakistan",2,2,3,9.6,2.4,3,2,2.4,1,4.57471097850338,2
"IRIS_313_11033",NA,"SAW","admix","IRGC 128448","Pakistan",1,2,5,9.6,3,4,1,2.7,NA,4.35670882668959,2
"IRIS_313_11034",NA,"SAW","cA (Aus)","IRGC 127786","Pakistan",1,2,1,8.7,2.5,3,1,1.8,1,4.27666611901606,2
"IRIS_313_11035",NA,"SAW","admix","IRGC 128513","Pakistan",1,2,5,10,2.1,4,1,1.2,1,4.43081679884331,1
"IRIS_313_11037","T","SAW","cA (Aus)","IRGC 128211","Pakistan",1,2,5,8,2.8,2,1,2.1,1,4.35670882668959,1
"IRIS_313_11038","P","EAS","XI-1A","IRGC 127924","China",1,1,1,9,3.2,2,1,2.6,1,4.12713438504509,1
"IRIS_313_11039","I","EAS","XI-1A","IRGC 128093","China",1,1,1,7.2,3.2,2,2,2.5,1,4.24849524204936,1
"IRIS_313_11040",NA,"SAC","XI-adm",NA,"India",NA,NA,NA,NA,NA,NA,NA,NA,NA,NA,NA
"IRIS_313_11042",NA,"SAC","XI-adm",NA,"India",NA,NA,NA,NA,NA,NA,NA,NA,NA,NA,NA
"IRIS_313_11043",NA,"SER","XI-3",NA,"Malaysia",NA,NA,NA,NA,NA,NA,NA,NA,NA,NA,NA
"IRIS_313_11044",NA,"SER","GJ-trp","IRGC 128005","Malaysia",1,2,3,8.2,3.7,4,1,2.9,1,4.70048036579242,2
"IRIS_313_11045",NA,"SER","GJ-trp","IRGC 128039","Malaysia",2,2,5,8.3,3.6,4,1,2.7,2,4.70048036579242,2
"IRIS_313_11046",NA,"SER","GJ-trp",NA,"Malaysia",NA,NA,NA,NA,NA,NA,NA,NA,NA,NA,NA
"IRIS_313_11047","P","SAE","cA (Aus)","IRGC 127977","Bangladesh",1,2,3,7.7,3.1,3,1,2.1,1,4.21950770517611,2
"IRIS_313_11048","P","SAE","cA (Aus)","IRGC 127178","Bangladesh",2,2,3,8.7,3.2,3,1,3,1,4.21950770517611,1
"IRIS_313_11049","P","SAE","cA (Aus)","IRGC 127179","Bangladesh",2,2,3,8.2,3,3,1,2.4,2,4.12713438504509,2
"IRIS_313_11050","P","SAE","cA (Aus)","IRGC 127180","Bangladesh",1,2,5,8.2,3,3,1,2.5,2,4.21950770517611,2
"IRIS_313_11051","P","SAE","cA (Aus)","IRGC 127181","Bangladesh",1,2,3,8.2,3,3,1,2.3,2,4.21950770517611,1
"IRIS_313_11052","P","SAE","cA (Aus)","IRGC 127182","Bangladesh",1,2,3,7.5,3.2,3,1,2.3,2,4.21950770517611,2
"IRIS_313_11053","P","SAE","cA (Aus)","IRGC 127183","Bangladesh",2,2,3,7.9,3.4,3,1,2.7,2,4.21950770517611,1
"IRIS_313_11054","P","SAE","cA (Aus)","IRGC 127184","Bangladesh",1,2,3,8.1,3.2,3,1,2.7,2,4.21950770517611,2
"IRIS_313_11055","P","SAE","cA (Aus)","IRGC 127185","Bangladesh",1,2,1,7.5,3.3,4,1,2.4,1,4.21950770517611,2
"IRIS_313_11056","P","SAE","cA (Aus)","IRGC 127186","Bangladesh",1,2,1,9.6,3.2,3,1,2.7,2,4.21950770517611,1
"IRIS_313_11057","P","SAE","cA (Aus)","IRGC 127187","Bangladesh",1,2,5,8.2,3.1,3,1,2.5,2,4.12713438504509,2
"IRIS_313_11058","P","SAE","cA (Aus)","IRGC 127188","Bangladesh",2,2,3,8.6,3.2,3,1,2.6,2,4.27666611901606,2
"IRIS_313_11059","P","SAE","cA (Aus)","IRGC 127189","Bangladesh",1,2,5,9,3.3,3,1,3,2,4.21950770517611,1
"IRIS_313_11062","P","SAE","cB (Bas)","IRGC 127218","Bangladesh",1,2,5,5.7,2.9,3,1,1.4,2,4.21950770517611,2
"IRIS_313_11063","P","SAE","cA (Aus)","IRGC 135741","Bangladesh",1,2,5,7.9,2.9,3,1,2.3,NA,4.21950770517611,2
"IRIS_313_11064","P","SAE","cA (Aus)","IRGC 132306","Bangladesh",1,2,5,7.8,3,2,1,2.1,1,4.12713438504509,1
"IRIS_313_11066","P","SAE","admix","IRGC 127381","Bangladesh",1,2,5,7.3,3.4,3,1,2.5,1,4.12713438504509,1
"IRIS_313_11079","T","SEA","XI-3","IRGC 128132","Lao People's Democratic Republic",1,2,5,9.7,3.1,3,1,3,1,4.71849887129509,2
"IRIS_313_11081","T","SEA","XI-3","IRGC 128184","Lao People's Democratic Republic",2,2,5,10.4,3.7,4,1,3.7,1,4.77912349311153,2
"IRIS_313_11083","T","SEA","XI-3","IRGC 132248","Lao People's Democratic Republic",2,2,5,8.4,3.5,4,2,2.8,1,4.77912349311153,2
"IRIS_313_11085",NA,"SEA","XI-adm","IRGC 132273","Lao People's Democratic Republic",2,2,5,9.8,3.5,3,1,2.2,1,4.23410650459726,2
"IRIS_313_11089",NA,"SEA","XI-3","IRGC 127824","Cambodia",1,2,1,9.7,3,3,1,1.8,2,4.44265125649032,2
"IRIS_313_11094","T","SEA","GJ-sbtrp","IRGC 132274","Lao People's Democratic Republic",2,2,7,11.1,4.1,3,1,3.6,1,4.43081679884331,2
"IRIS_313_11095","T","SEA","XI-3","IRGC 128104","Lao People's Democratic Republic",2,2,5,8.5,3.6,4,1,3.1,1,4.65396035015752,2
"IRIS_313_11097","T","SER","XI-adm","IRGC 127478","Philippines",2,2,5,7.4,3.3,3,1,1.7,2,4.44265125649032,2
"IRIS_313_11098",NA,"WAF","XI-3","IRGC 134993","Sierra Leone",1,1,5,9.2,3,3,1,1.6,NA,4.78749174278205,1
"IRIS_313_11102",NA,"WAF","GJ-trp",NA,"Liberia",NA,NA,NA,NA,NA,NA,NA,NA,NA,NA,NA
"IRIS_313_11103",NA,"WAF","GJ-trp","IRGC 132329","Liberia",2,2,5,9.8,3.6,3,1,3.2,2,4.44265125649032,1
"IRIS_313_11104",NA,"WAF","GJ-trp","IRGC 131978","Liberia",1,2,5,9.3,3.4,3,1,2.8,2,4.44265125649032,1
"IRIS_313_11112","T","SAE","cA (Aus)","IRGC 128308","Bangladesh",2,2,1,9,3.6,3,1,2.8,2,4.44265125649032,2
"IRIS_313_11113","T","SAE","XI-2","IRGC 128069","Bangladesh",2,2,5,9.3,3.4,4,1,2.8,1,4.63472898822964,1
"IRIS_313_11118","T","SEA","XI-3","IRGC 135797","Viet Nam",2,1,5,8,3,3,1,1.7,NA,5.13579843705026,2
"IRIS_313_11129",NA,"SEA","XI-adm","IRGC 128051","Myanmar",1,2,1,8.2,2.9,3,1,2.1,2,4.64439089914137,1
"IRIS_313_11151","I","SEA","XI-3","IRGC 128035","Myanmar",2,2,1,8.7,3,4,1,2.6,NA,4.58496747867057,1
"IRIS_313_11160",NA,"WAF","XI-3","IRGC 127195","Liberia",1,1,5,9.9,2.8,3,1,2.2,2,4.58496747867057,1
"IRIS_313_11189",NA,"WAS","admix","IRGC 128424","Union of Soviet Socialist Republics (Former)",2,2,3,9.8,3.6,3,1,2.8,1,4.20469261939097,1
"IRIS_313_11191","T","IOC","cA (Aus)","IRGC 127763","Sri Lanka",2,2,3,6.3,2.8,3,1,1.4,1,4.34380542185368,2
"IRIS_313_11194",NA,"SEA","XI-3","IRGC 135760","Thailand",2,2,5,10.4,3.1,4,1,2.5,NA,4.95582705760126,2
"IRIS_313_11202","I","EAS","GJ-tmp","IRGC 127920","China",1,1,3,8,3.7,2,1,2.9,1,4.38202663467388,1
"IRIS_313_11205","T","SAE","XI-2","IRGC 128075","Bangladesh",2,2,3,8.9,3.2,4,2,3,1,4.98360662170834,1
"IRIS_313_11221","P","SAE","XI-2","IRGC 128022","Bangladesh",2,1,5,9.3,2.8,4,1,2.7,2,4.7361984483945,2
"IRIS_313_11224","P","SAE","XI-2","IRGC 128130","Bangladesh",2,2,5,10.1,2.6,4,2,2.2,1,4.85203026391962,2
"IRIS_313_11226","P","SAE","XI-2","IRGC 128153","Bangladesh",2,2,3,9.4,3,4,1,2.4,1,4.86753445045558,1
"IRIS_313_11228","P","SAE","XI-2","IRGC 128155","Bangladesh",2,2,5,9.7,2.9,3,1,2.5,2,4.85203026391962,2
"IRIS_313_11229","P","SAE","XI-2","IRGC 128171","Bangladesh",1,1,1,8.8,3.1,4,1,2.4,1,4.70048036579242,2
"IRIS_313_11231","P","SAE","XI-2","IRGC 135799","Bangladesh",2,2,5,9.4,3.2,4,1,2.6,NA,4.85203026391962,2
"IRIS_313_11234","T","SER","XI-adm","IRGC 127563","Philippines",2,1,5,10.4,2.9,3,1,2.3,1,4.57471097850338,1
"IRIS_313_11238",NA,"SAM","GJ-trp",NA,"Brazil",NA,NA,NA,NA,NA,NA,NA,NA,NA,NA,NA
"IRIS_313_11239","I","SER","XI-adm","IRGC 127978","Indonesia",1,1,5,10.3,2.9,3,1,2.5,1,4.54329478227,2
"IRIS_313_11240","I","SAC","XI-adm","IRGC 128020","India",1,1,1,9,2.9,2,1,2.2,1,4.40671924726425,2
"IRIS_313_11241","I","SAE","XI-2","IRGC 128001","Bangladesh",2,2,3,8.4,2.7,4,1,1.7,2,4.81218435537242,2
"IRIS_313_11242","I","SAC","XI-2","IRGC 128121","India",1,1,3,8.6,2.8,4,1,1.9,2,4.78749174278205,1
"IRIS_313_11244",NA,"SAC","XI-adm",NA,"India",NA,NA,NA,NA,NA,NA,NA,NA,NA,NA,NA
"IRIS_313_11245","P","SAC","XI-adm","IRGC 128151","India",1,1,1,9.2,2.7,3,2,1.9,1,4.35670882668959,2
"IRIS_313_11247","I","SAC","XI-adm","IRGC 132431","India",1,1,1,9.3,3,3,2,2.5,1,4.24849524204936,1
"IRIS_313_11249","I","SER-IRRI","XI-adm","IRGC 132341","Philippines",1,1,1,9.7,2.6,3,2,2.4,1,4.66343909411207,2
"IRIS_313_11251","I","SER-IRRI","XI-1B","IRGC 132340","Philippines",1,1,1,8.4,3.1,3,2,2.5,2,4.66343909411207,2
"IRIS_313_11252",NA,"SAC","XI-adm",NA,"India",NA,NA,NA,NA,NA,NA,NA,NA,NA,NA,NA
"IRIS_313_11253","I","SAM","XI-adm",NA,"Surinam",NA,NA,NA,NA,NA,NA,NA,NA,NA,NA,NA
"IRIS_313_11256",NA,"SAC","XI-adm","IRGC 127941","India",2,1,5,8.8,2.9,3,2,3,1,4.7361984483945,1
"IRIS_313_11257",NA,"SAC","XI-adm","IRGC 127944","India",2,1,5,9,3,4,1,2.9,1,4.66343909411207,2
"IRIS_313_11258",NA,"SAC","cB (Bas)","IRGC 127948","India",NA,2,5,5.5,2.3,NA,2,1,2,4.67282883446191,1
"IRIS_313_11260",NA,"SAC","XI-adm","IRGC 127950","India",1,2,5,8.7,2.9,3,2,2.3,1,4.52178857704904,1
"IRIS_313_11262",NA,"SAC","XI-adm","IRGC 127952","India",1,1,3,7.8,3.4,3,1,2.2,1,4.69134788222914,1
"IRIS_313_11263",NA,"SAC","XI-adm","IRGC 127953","India",2,1,5,8.4,3.4,4,1,2.9,1,4.78749174278205,1
"IRIS_313_11264",NA,"SAC","XI-adm","IRGC 132241","India",1,1,3,9.4,2.5,3,1,2.1,2,4.68213122712422,2
"IRIS_313_11265",NA,"SAC","cA (Aus)","IRGC 132242","India",1,1,5,7.2,3.4,3,2,2.1,2,4.4188406077966,1
"IRIS_313_11266",NA,"SAC","XI-adm","IRGC 127955","India",2,1,1,7.4,3.3,4,1,2.4,1,4.69134788222914,2
"IRIS_313_11267",NA,"SAC","XI-2","IRGC 127956","India",2,1,3,8.4,2.1,3,2,1.4,2,4.64439089914137,2
"IRIS_313_11269",NA,"SAC","XI-adm","IRGC 127958","India",2,1,5,8.3,3.8,4,1,2.7,1,4.70048036579242,2
"IRIS_313_11270",NA,"SAC","cB (Bas)","IRGC 127959","India",2,1,7,8,3.2,3,1,2,2,4.7361984483945,2
"IRIS_313_11271",NA,"SAC","XI-2","IRGC 127961","India",2,1,5,8.3,3.1,3,1,2.3,NA,4.82028156560504,2
"IRIS_313_11273",NA,"SAC","XI-adm","IRGC 127962","India",2,2,5,8.8,3.1,4,2,2.6,1,4.69134788222914,1
"IRIS_313_11274",NA,"SAC","cA (Aus)","IRGC 127155","India",2,2,3,7.5,2.7,3,2,1.8,2,4.4188406077966,1
"IRIS_313_11275",NA,"SAC","XI-adm","IRGC 127156","India",1,2,5,8.3,3.1,3,2,2.3,2,4.4188406077966,2
"IRIS_313_11277",NA,"SAC","cA (Aus)","IRGC 127157","India",1,1,3,8.5,3,3,1,2.8,2,4.60517018598809,2
"IRIS_313_11278",NA,"SAC","XI-adm",NA,"India",NA,NA,NA,NA,NA,NA,NA,NA,NA,NA,NA
"IRIS_313_11279",NA,"SAC","XI-adm","IRGC 127967","India",1,2,5,9.2,3.2,3,2,2.6,1,4.56434819146784,2
"IRIS_313_11280",NA,"SAC","XI-adm","IRGC 135735","India",2,2,5,11,2.9,3,1,3,NA,4.68213122712422,1
"IRIS_313_11281",NA,"SAC","XI-1A","IRGC 131967","India",2,2,3,8.8,2.8,3,1,2.1,1,4.35670882668959,2
"IRIS_313_11285",NA,"SAC","XI-2",NA,"India",NA,NA,NA,NA,NA,NA,NA,NA,NA,NA,NA
"IRIS_313_11286",NA,"SAC","XI-adm","IRGC 135736","India",2,1,5,8.8,3.3,4,1,2.2,NA,4.76217393479776,1
"IRIS_313_11287",NA,"SAC","XI-adm","IRGC 127969","India",2,2,1,9.6,2.9,4,1,2.5,2,4.62497281328427,2
"IRIS_313_11289",NA,"SAC","cB (Bas)","IRGC 127971","India",2,1,3,8.6,3.8,5,1,2.8,1,4.69134788222914,2
"IRIS_313_11295",NA,"SAC","admix","IRGC 127137","India",1,2,3,8.5,3.1,3,1,2.3,2,4.60517018598809,2
"IRIS_313_11297",NA,"SAC","admix","IRGC 127947","India",1,1,3,7,3.8,3,2,2.3,2,4.57471097850338,2
"IRIS_313_11298",NA,"SAC","cA (Aus)","IRGC 127152","India",2,1,5,7.1,3.2,3,2,1.9,2,4.4188406077966,1
"IRIS_313_11301",NA,"SAC","XI-2","IRGC 127963","India",1,1,7,8.1,2.6,4,1,1.8,1,4.68213122712422,2
"IRIS_313_11302",NA,"SAC","XI-adm","IRGC 127154","India",2,1,3,9,3.1,4,2,1.3,2,4.78749174278205,1
"IRIS_313_11303",NA,"SAC","XI-adm","IRGC 128228","India",2,1,5,8.3,2.9,3,2,2.2,1,4.76217393479776,2
"IRIS_313_11316","T","SER","XI-3","IRGC 135790","Indonesia",2,2,5,6.7,2.9,4,1,1.6,NA,4.9416424226093,1
"IRIS_313_11321","T","SAE","XI-2","IRGC 128043","Bangladesh",2,1,7,7.8,2.6,3,1,1.8,2,4.76217393479776,1
"IRIS_313_11324","T","SAE","cA (Aus)","IRGC 127477","Bangladesh",NA,2,3,7.6,3.2,NA,2,2.7,1,4.30406509320417,1
"IRIS_313_11338","T","SER","XI-adm","IRGC 128097","Philippines",2,1,5,9.1,3.8,4,1,3.7,1,4.56434819146784,1
"IRIS_313_11345","T","SER","XI-adm","IRGC 127891","Philippines",1,1,5,8.6,3,4,2,2.4,1,4.45434729625351,2
"IRIS_313_11350",NA,"SAC","cB (Bas)","IRGC 127983","India",1,1,5,6.8,2.9,4,1,1.7,2,4.66343909411207,2
"IRIS_313_11351",NA,"SAC","XI-2","IRGC 127986","India",1,1,3,9.4,2.7,3,1,2.2,2,4.70953020131233,2
"IRIS_313_11358",NA,"SAC","XI-2","IRGC 128023","India",1,2,7,7.8,2.2,3,1,1.8,2,4.60517018598809,2
"IRIS_313_11370",NA,"SAC","XI-2","IRGC 132368","India",1,1,5,9,3.5,3,2,3.2,2,4.56434819146784,2
"IRIS_313_11372",NA,"SAC","XI-2","IRGC 128173","India",1,1,5,10.8,2.4,3,1,2.6,1,4.54329478227,2
"IRIS_313_11386","T","SEA","XI-3","IRGC 128083","Thailand",2,2,5,10.3,2.6,4,2,2.5,2,4.87519732320115,2
"IRIS_313_11394","T","SER","XI-adm","IRGC 128057","Indonesia",2,1,5,9.6,2.9,3,2,3,2,4.83628190695148,2
"IRIS_313_11395","T","SER","XI-3","IRGC 135755","Indonesia",2,1,5,8.2,2.4,3,2,1.6,NA,4.91265488573605,2
"IRIS_313_11416",NA,"SAC","XI-2","IRGC 127529","India",2,2,5,8.6,2.7,3,2,2.2,2,4.79579054559674,2
"IRIS_313_11431","I","SER","XI-3","IRGC 127244","Philippines",1,1,5,9.7,2.9,2,1,2.4,2,4.54329478227,2
"IRIS_313_11435","T","WAF","GJ-trp","IRGC 128392","Cote d'Ivoire",2,1,3,9.5,3,3,1,2.4,2,4.47733681447821,2
"IRIS_313_11436","T","WAF","GJ-trp","IRGC 127779","Cote d'Ivoire",2,1,5,9.4,3.2,3,1,2.4,1,4.52178857704904,1
"IRIS_313_11443","T","SAC","XI-adm","IRGC 127161","India",1,1,5,8.6,3.1,4,1,1.8,2,4.52178857704904,2
"IRIS_313_11453","T","SAC","XI-2","IRGC 127916","India",1,1,7,8.1,2.4,3,1,1.7,1,4.47733681447821,2
"IRIS_313_11460","T","SAC","XI-2","IRGC 127792","India",1,1,1,8,3.2,3,2,1.4,1,4.45434729625351,2
"IRIS_313_11461","T","SAC","XI-2","IRGC 127881","India",1,1,5,9.1,3.4,2,2,2.9,1,4.47733681447821,2
"IRIS_313_11467","T","SER","XI-3","IRGC 128372","Philippines",1,1,5,10.1,2.9,4,1,2.7,2,4.78749174278205,2
"IRIS_313_11472","T","SER","XI-3",NA,"Philippines",NA,NA,NA,NA,NA,NA,NA,NA,NA,NA,NA
"IRIS_313_11477",NA,"SAC","cA (Aus)","IRGC 127489","India",1,1,5,9.1,2.8,3,2,1.6,2,4.35670882668959,1
"IRIS_313_11483","T","SAE","cA (Aus)","IRGC 128244","Bangladesh",1,1,3,8,3.9,2,1,3.1,1,4.34380542185368,2
"IRIS_313_11484","T","SAE","cA (Aus)","IRGC 127357","Bangladesh",NA,2,5,8.6,2.8,NA,2,2.4,2,4.4188406077966,1
"IRIS_313_11489",NA,"SAC","cA (Aus)","IRGC 127482","India",2,1,3,9.2,3.3,3,2,2.4,2,4.55387689160054,2
"IRIS_313_11493","T","SAC","XI-adm","IRGC 127126","India",2,1,1,7.8,3.2,3,2,2.3,2,4.58496747867057,2
"IRIS_313_11513",NA,"SAM","XI-1B","IRGC 127269","Ecuador",1,1,3,8.2,3.3,2,1,2.7,1,4.64439089914137,1
"IRIS_313_11515","I","SEA","XI-adm","IRGC 127231","Thailand",2,1,1,11.2,3,3,1,3.1,1,4.62497281328427,2
"IRIS_313_11516","I","SER-IRRI","XI-adm","IRGC 127437","Philippines",1,1,1,9.5,3.1,2,1,2.7,1,4.49980967033027,1
"IRIS_313_11521","T","SEA","XI-adm","IRGC 127847","Viet Nam",2,1,1,8.4,3.8,3,1,3,1,4.74493212836325,1
"IRIS_313_11522",NA,"EAS","GJ-adm","IRGC 128505","China",1,1,5,7.8,3.2,3,2,2.1,1,4.33073334028633,1
"IRIS_313_11528","T","WAF","XI-3","IRGC 127917","Cote d'Ivoire",2,1,3,9.6,3,4,1,2.6,2,4.92725368515721,2
"IRIS_313_11530","T","SEA","XI-3","IRGC 131993","Thailand",2,1,1,10.5,3.1,3,2,3.4,1,4.82028156560504,2
"IRIS_313_11543",NA,"SEA","XI-3","IRGC 127537","Myanmar",2,2,5,8.7,3.1,4,2,2.7,1,5.07517381523383,2
"IRIS_313_11546",NA,"SEA","XI-adm","IRGC 127672","Myanmar",1,2,5,8.7,3.1,4,2,2.1,1,4.75359019110636,2
"IRIS_313_11547",NA,"SEA","XI-adm","IRGC 135580","Myanmar",NA,2,7,8.9,2.9,NA,2,1.8,NA,4.91265488573605,1
"IRIS_313_11555","T","WAF","XI-adm","IRGC 135578","Sierra Leone",2,1,5,8.1,3.1,3,2,2.5,NA,5.15329159449778,2
"IRIS_313_11567","T","SAC","cB (Bas)","IRGC 127766","Nepal",1,1,3,8.6,2.5,4,2,2,1,4.77068462446567,2
"IRIS_313_11575",NA,"EAS","GJ-tmp","IRGC 127415","China",1,1,5,8,3.3,2,1,2.4,1,4.30406509320417,1
"IRIS_313_11582",NA,"EAS","GJ-tmp","IRGC 128499","China",1,1,3,7.8,3.2,2,1,2.3,1,4.43081679884331,2
"IRIS_313_11591",NA,"SER","admix","IRGC 132293","Malaysia",2,1,1,8.6,3,4,1,2.8,1,4.96284463025991,1
"IRIS_313_11596",NA,"SAC","XI-adm","IRGC 127221","India",1,1,1,6.2,2.8,3,2,1.4,2,4.45434729625351,1
"IRIS_313_11602",NA,"SAC","cA (Aus)","IRGC 127597","India",1,1,5,7.8,2.4,2,2,1.8,2,4.33073334028633,1
"IRIS_313_11604",NA,"SAC","cA (Aus)","IRGC 127829","India",1,1,5,8.9,2.6,3,2,2,1,4.43081679884331,2
"IRIS_313_11607",NA,"SAC","XI-2","IRGC 127411","India",2,1,3,8.6,2.8,3,2,2.5,1,4.84418708645859,2
"IRIS_313_11615","T","WAF","XI-3","IRGC 132408","Guinea",NA,2,5,7.2,2.9,NA,2,2.3,2,4.96284463025991,1
"IRIS_313_11617","T","SAC","cA (Aus)","IRGC 128495","India",2,2,5,7.9,3,3,2,2.2,2,4.43081679884331,1
"IRIS_313_11618","T","SAC","cA (Aus)","IRGC 127879","India",2,2,5,9.2,2.3,4,2,2,2,4.54329478227,1
"IRIS_313_11622",NA,"EAS","XI-1A","IRGC 127467","China",NA,2,1,7,2.9,NA,2,2.4,1,4.33073334028633,1
"IRIS_313_11624","T","SAC","XI-1A","IRGC 127122","Nepal",1,2,5,8.9,3,3,2,2.9,2,4.38202663467388,2
"IRIS_313_11626","T","SAC","cB (Bas)","IRGC 127395","Nepal",1,2,3,6.8,3.1,3,2,2.3,2,4.47733681447821,1
"IRIS_313_11630","T","SAC","cB (Bas)","IRGC 127737","Nepal",2,1,5,7.9,2.1,3,1,1.8,1,4.68213122712422,2
"IRIS_313_11635","T","SEA","XI-3","IRGC 128294","Thailand",2,2,5,9,3.4,4,2,1.5,1,4.8283137373023,1
"IRIS_313_11638",NA,"SAC","XI-2","IRGC 127656","India",1,1,3,9.1,2.8,3,2,2.8,1,4.45434729625351,1
"IRIS_313_11642",NA,"SAC","XI-2","IRGC 127661","India",1,1,1,8.1,2.9,3,2,2.6,1,4.60517018598809,1
"IRIS_313_11643",NA,"SAC","XI-1B","IRGC 127662","India",2,1,3,9.7,2.5,3,2,2.5,2,4.77912349311153,2
"IRIS_313_11644",NA,"SAC","XI-2","IRGC 127663","India",1,1,3,8.2,3.2,3,2,2.7,1,4.58496747867057,2
"IRIS_313_11645",NA,"SAC","XI-2","IRGC 127664","India",2,1,3,8.8,3,3,2,2.8,1,4.60517018598809,1
"IRIS_313_11646",NA,"SAC","XI-2","IRGC 127665","India",1,1,3,9.7,2.8,2,2,3.1,1,4.58496747867057,1
"IRIS_313_11647",NA,"SAC","XI-2","IRGC 127666","India",1,1,3,7.7,3.1,3,2,2.6,1,4.56434819146784,1
"IRIS_313_11648",NA,"SAC","XI-2","IRGC 127667","India",1,1,1,7,2.9,3,2,1.9,1,4.58496747867057,1
"IRIS_313_11651",NA,"EAS","GJ-tmp","IRGC 128291","China",1,1,5,7.5,3.2,2,1,2.6,1,3.98898404656427,1
"IRIS_313_11652",NA,"EAS","GJ-tmp","IRGC 128303","China",1,1,5,7.6,3.5,2,1,3.2,1,4.06044301054642,1
"IRIS_313_11654",NA,"EAS","GJ-tmp","IRGC 128434","China",1,1,5,7.3,3.4,2,1,2.8,1,4.27666611901606,2
"IRIS_313_11655",NA,"EAS","GJ-tmp","IRGC 127815","China",1,2,5,7.8,3.6,2,1,3.1,1,4.27666611901606,1
"IRIS_313_11656","I","SER","XI-adm","IRGC 127196","Indonesia",1,1,5,8.7,2.5,3,2,2.5,2,4.47733681447821,1
"IRIS_313_11657",NA,"WAF","XI-2",NA,"Nigeria",NA,NA,NA,NA,NA,NA,NA,NA,NA,NA,NA
"IRIS_313_11658","T","WAF","GJ-trp","IRGC 128381","Sierra Leone",1,1,3,8.9,3.4,3,2,2.9,2,4.60517018598809,1
"IRIS_313_11659","T","WAF","GJ-trp","IRGC 132047","Sierra Leone",2,1,5,8.2,2.9,4,2,2.6,2,4.59511985013459,2
"IRIS_313_11661","T","SAE","GJ-tmp","IRGC 131960","Bhutan",1,1,7,8.9,3.4,2,2,3.6,1,4.12713438504509,1
"IRIS_313_11663","T","EAF","admix","IRGC 128383","Zimbabwe",1,1,3,8.9,3.2,3,2,2.8,2,4.58496747867057,2
"IRIS_313_11664",NA,"EAS","XI-adm","IRGC 127288","China",1,1,3,9.8,2.7,3,2,2.7,1,4.52178857704904,1
"IRIS_313_11665",NA,"EAS","XI-1A","IRGC 127464","China",1,1,1,9,3.2,2,1,3,1,4.43081679884331,1
"IRIS_313_11666",NA,"EAS","XI-adm","IRGC 127573","China",1,1,1,9.2,3,2,1,2.7,2,4.33073334028633,1
"IRIS_313_11667",NA,"EAS","XI-1A","IRGC 127580","China",1,1,3,8.9,3.1,2,1,2.6,1,4.27666611901606,1
"IRIS_313_11668",NA,"EAS","XI-1A","IRGC 127771","China",1,1,3,8.5,3,2,1,2.1,1,4.30406509320417,1
"IRIS_313_11669","I","EAS","XI-adm","IRGC 131986","China",2,1,3,8.3,3.1,4,2,2.4,1,4.21950770517611,2
"IRIS_313_11671","T","SAC","XI-2","IRGC 127313","Nepal",1,1,3,9,2.9,3,2,2.4,1,4.71849887129509,2
"IRIS_313_11673","T","SER","GJ-trp","IRGC 128248","Philippines",1,1,5,7.4,2.6,3,1,1.9,2,4.58496747867057,2
"IRIS_313_11674","T","SEA","XI-3","IRGC 131971","Thailand",2,1,5,8.9,2.7,3,2,2.6,2,4.92725368515721,2
"IRIS_313_11677","T","SEA","XI-3","IRGC 128286","Thailand",1,1,5,9.3,2.8,3,1,2.4,1,4.58496747867057,1
"IRIS_313_11678","T","SEA","XI-3","IRGC 127360","Thailand",2,1,5,9.8,3.6,3,2,3.5,2,4.72738781871234,2
"IRIS_313_11679","T","SEA","XI-3","IRGC 127380","Thailand",1,1,3,10.2,2.7,3,2,2.3,1,4.97673374242057,2
"IRIS_313_11681","T","SEA","XI-3","IRGC 132426","Thailand",NA,2,5,9.1,3.2,NA,2,3.2,2,4.89034912822175,1
"IRIS_313_11683","T","SEA","XI-3","IRGC 127677","Thailand",2,1,5,8.8,2,4,1,1.6,2,4.94875989037817,2
"IRIS_313_11684","T","SEA","XI-3","IRGC 132021","Thailand",2,2,5,8.6,2.2,4,1,1,1,4.97673374242057,2
"IRIS_313_11685","T","SEA","XI-3","IRGC 127735","Thailand",2,1,5,8.9,3,3,1,2.9,1,4.86753445045558,2
"IRIS_313_11686","T","SEA","XI-3","IRGC 132366","Thailand",2,1,5,10.5,3.2,4,1,2.8,1,4.95582705760126,2
"IRIS_313_11687","T","SEA","XI-3","IRGC 132297","Thailand",NA,2,7,9.5,2.6,NA,2,2.8,1,4.91265488573605,1
"IRIS_313_11689",NA,"EAR","GJ-tmp","IRGC 128275","Korea, Republic of",1,1,3,7.1,3.2,2,2,2.6,1,4.27666611901606,1
"IRIS_313_11691","T","SAE","GJ-sbtrp","IRGC 128467","Bhutan",1,1,3,7.9,2.9,3,2,2.1,2,4.43081679884331,1
"IRIS_313_11692","T","EAR","XI-1A","IRGC 127273","Taiwan",2,2,5,7.2,3.2,4,2,2.5,1,4.56434819146784,1
"IRIS_313_11693","T","EAR","XI-adm","IRGC 127278","Taiwan",2,1,5,6.9,2.7,4,2,2,1,4.60517018598809,1
"IRIS_313_11700","T","SEA","XI-3","IRGC 127306","Thailand",2,1,5,9.5,3.1,3,2,3.1,2,4.47733681447821,2
"IRIS_313_11704","T","SEA","XI-3",NA,"Thailand",NA,NA,NA,NA,NA,NA,NA,NA,NA,NA,NA
"IRIS_313_11705","T","SEA","XI-3","IRGC 127303","Thailand",2,1,5,9.2,2.9,4,1,2.9,1,4.91998092582813,2
"IRIS_313_11706","T","SEA","XI-3","IRGC 132001","Thailand",2,1,3,6.1,2.8,3,2,1.4,2,4.89783979995091,2
"IRIS_313_11707","T","SEA","XI-3","IRGC 132403","Thailand",2,1,5,9.3,2.7,4,2,2.1,2,5.11198778835654,1
"IRIS_313_11708","T","SEA","XI-3","IRGC 127518","Thailand",2,2,3,9.3,2.6,4,2,2,2,4.77912349311153,2
"IRIS_313_11709","T","SEA","XI-3","IRGC 132010","Thailand",2,1,5,9.4,2.6,4,2,2.4,1,4.87519732320115,2
"IRIS_313_11710","T","SEA","XI-3","IRGC 134992","Thailand",2,1,5,9.8,2.7,3,1,3.1,NA,4.97673374242057,2
"IRIS_313_11711","T","SEA","XI-3","IRGC 132295","Thailand",2,1,5,9.3,2.4,4,2,2.3,1,5.12989871492307,2
"IRIS_313_11712",NA,"SAC","cA (Aus)","IRGC 127389","India",1,2,5,9.1,3.1,3,2,3,2,4.47733681447821,1
"IRIS_313_11716","T","WAF","XI-3","IRGC 127822","Guinea",1,1,5,9.5,2.7,3,2,2.4,1,4.72738781871234,2
"IRIS_313_11717","T","SER","XI-adm","IRGC 127450","Indonesia",1,1,5,8.8,3.2,3,2,2.8,2,4.88280192258637,2
"IRIS_313_11719",NA,"SEA","XI-3","IRGC 127304","Thailand",2,2,5,10.3,3.6,3,2,3.4,1,4.7361984483945,2
"IRIS_313_11720",NA,"SEA","XI-3","IRGC 127302","Thailand",2,1,3,9.5,3,4,1,3.3,2,4.83628190695148,2
"IRIS_313_11721",NA,"SEA","XI-3","IRGC 127372","Thailand",NA,1,7,8.7,3.4,NA,2,3.2,2,4.84418708645859,1
"IRIS_313_11722","T","SAE","XI-adm","IRGC 128327","Bangladesh",1,1,1,8.2,2.6,2,2,1.8,1,4.47733681447821,1
"IRIS_313_11723","T","WAF","XI-2","IRGC 127320","Guinea",2,1,3,10.8,2.6,4,2,3,2,4.86753445045558,1
"IRIS_313_11724","T","WAF","XI-3","IRGC 127531","Guinea",2,1,5,6.2,2.4,3,2,2.3,1,4.99721227376411,1
"IRIS_313_11725","I","EAR","GJ-tmp","IRGC 128514","Japan",1,1,5,7.7,3.4,2,1,2.8,1,4.23410650459726,2
"IRIS_313_11727",NA,"EAS","XI-1A","IRGC 127416","China",2,1,3,7.7,2.8,2,2,2.3,1,4.24849524204936,1
"IRIS_313_11728",NA,"EAS","XI-3","IRGC 127581","China",2,2,5,10.1,2.8,3,2,2.9,1,4.61512051684126,1
"IRIS_313_11730",NA,"EAS","XI-adm","IRGC 127753","China",1,1,1,7.1,3.1,3,1,2.3,1,4.64439089914137,1
"IRIS_313_11731",NA,"EAS","XI-adm","IRGC 127754","China",2,1,1,9.7,2.6,3,2,2.6,1,4.51085950651685,1
"IRIS_313_11732",NA,"EAS","XI-1A","IRGC 127755","China",2,1,5,7.5,3.3,2,2,2.2,1,4.24849524204936,1
"IRIS_313_11733",NA,"EAS","XI-1A","IRGC 127801","China",1,1,1,7.8,3.3,2,2,2.5,2,4.54329478227,1
"IRIS_313_11734",NA,"EAS","XI-1A","IRGC 127803","China",2,1,1,8.1,3.2,3,2,2.8,1,4.47733681447821,1
"IRIS_313_11736","T","SER","GJ-trp","IRGC 127595","Philippines",NA,2,7,7.7,3.3,NA,2,2.5,2,4.49980967033027,1
"IRIS_313_11737","T","SAC","cA (Aus)","IRGC 127283","India",1,1,3,6.7,3.2,3,2,2.1,2,4.57471097850338,2
"IRIS_313_11738","T","SAC","XI-2","IRGC 127720","India",2,1,3,8.4,3.2,4,2,2.7,1,4.43081679884331,1
"IRIS_313_11739","T","WAF","GJ-trp","IRGC 128398","Ghana",1,1,5,9.2,3,3,2,2.8,2,4.59511985013459,1
"IRIS_313_11740","I","WAF","XI-adm","IRGC 127872","Ghana",2,1,3,8,3.5,4,2,2.9,1,4.70953020131233,1
"IRIS_313_11741","T","IOC","XI-2","IRGC 127407","Sri Lanka",2,1,3,8.6,3.1,4,2,2.9,1,4.71849887129509,1
"IRIS_313_11742",NA,"SAC","cA (Aus)","IRGC 127480","India",1,1,3,7.7,2.8,2,1,2.3,2,4.27666611901606,1
"IRIS_313_11744",NA,"EAS","XI-adm","IRGC 127114","China",1,1,5,8.9,2.9,3,2,2.4,1,4.38202663467388,1
"IRIS_313_11745",NA,"EAS","XI-1A","IRGC 127123","China",2,1,3,8.1,3.1,3,2,1.9,1,4.27666611901606,1
"IRIS_313_11746",NA,"EAS","XI-1A","IRGC 127349","China",1,1,3,8.7,2.8,2,2,2.4,1,4.17438726989564,1
"IRIS_313_11747",NA,"EAS","XI-adm","IRGC 127350","China",1,1,5,8.9,2.9,2,2,2.6,1,4.27666611901606,1
"IRIS_313_11748",NA,"EAS","XI-adm","IRGC 127378","China",2,2,5,8.7,3,3,2,2.4,1,4.38202663467388,1
"IRIS_313_11750",NA,"EAS","XI-adm","IRGC 127538","China",2,1,1,8.6,2.9,3,2,2.3,1,4.51085950651685,1
"IRIS_313_11751",NA,"EAS","XI-adm","IRGC 127539","China",2,1,3,9.6,2.7,2,2,2.5,2,4.38202663467388,1
"IRIS_313_11752",NA,"EAS","XI-1A","IRGC 127584","China",1,1,1,8.4,3.1,2,2,2.3,1,4.27666611901606,1
"IRIS_313_11753",NA,"EAS","XI-1A","IRGC 127894","China",1,1,3,8.8,3,1,2,2.4,1,4.0943445622221,1
"IRIS_313_11754",NA,"IOC","admix","IRGC 128214","Madagascar",2,1,3,9.8,3.1,3,2,2.8,NA,4.64439089914137,1
"IRIS_313_11755",NA,"WAF","GJ-trp","IRGC 131961","Liberia",2,1,3,9.4,3.4,3,2,2.9,2,4.62497281328427,1
"IRIS_313_11756",NA,"IOC","GJ-trp","IRGC 131970","Madagascar",2,1,3,8.7,2.9,3,2,2.5,2,4.62497281328427,1
"IRIS_313_11757",NA,"IOC","XI-3","IRGC 131972","Madagascar",2,1,5,7.7,2.5,3,1,2,2,4.98360662170834,2
"IRIS_313_11758",NA,"WAF","XI-2","IRGC 131987","Cote d'Ivoire",NA,2,3,8,2.6,NA,2,2.4,1,4.85981240436167,1
"IRIS_313_11759",NA,"WAF","GJ-trp","IRGC 131995","Cote d'Ivoire",2,1,5,8.8,3.1,3,2,2.6,NA,4.62497281328427,1
"IRIS_313_11760",NA,"IOC","XI-2","IRGC 127623","Madagascar",1,1,3,9,2.6,3,2,2.1,1,4.82028156560504,1
"IRIS_313_11761",NA,"WAF","XI-2","IRGC 127683","Cote d'Ivoire",2,1,5,10.2,2.8,3,2,2.6,1,4.76217393479776,1
"IRIS_313_11762",NA,"IOC","XI-2","IRGC 127682","Madagascar",2,1,5,9,2.1,3,1,2.2,1,4.84418708645859,2
"IRIS_313_11763","I","WAF","XI-adm","IRGC 127734","Cameroon",2,1,3,8.7,2.8,2,2,2.2,1,4.52178857704904,1
"IRIS_313_11764","I","WAF","XI-3","IRGC 127697","Liberia",NA,2,3,7.5,3,NA,2,3.9,1,4.84418708645859,1
"IRIS_313_11767",NA,"IOC","admix","IRGC 128496","Madagascar",2,2,5,11.3,2.5,4,2,2.5,2,4.85203026391962,1
"IRIS_313_11772","T","IOC","XI-2","IRGC 128452","Madagascar",NA,2,5,9.2,2.9,NA,2,2.6,1,4.52178857704904,1
"IRIS_313_11773",NA,"WAF","XI-3","IRGC 132275","Gambia",2,1,3,8.7,3.1,3,2,2.7,1,4.77068462446567,2
"IRIS_313_11784","T","WAF","XI-1B","IRGC 127619","Sierra Leone",2,1,1,9.7,2.4,3,1,2.2,2,4.64439089914137,1
"IRIS_313_11786","T","WAF","XI-3","IRGC 128411","Gambia",2,1,5,10.6,2.7,3,2,2.8,2,4.81218435537242,1
"IRIS_313_11787","T","WAF","XI-2","IRGC 127845","Gambia",2,2,5,8.9,3.7,4,2,3.2,1,4.90527477843843,1
"IRIS_313_11788","T","SER","GJ-adm","IRGC 127247","Philippines",2,1,5,7.9,3.7,3,2,2.4,1,4.62497281328427,1
"IRIS_313_11789","T","IOC","XI-2","IRGC 127774","Madagascar",2,1,5,10.2,2.8,3,2,2.6,1,4.87519732320115,1
"IRIS_313_11790","T","IOC","GJ-trp","IRGC 127883","Madagascar",2,1,5,8.2,3.5,3,2,2.8,1,4.59511985013459,1
"IRIS_313_11791","T","IOC","XI-2","IRGC 127885","Madagascar",2,1,5,9.6,3,4,2,2.8,1,4.59511985013459,1
"IRIS_313_11792","T","IOC","GJ-trp","IRGC 128498","Madagascar",2,1,5,8.7,4.1,4,2,3.1,2,4.56434819146784,1
"IRIS_313_11794",NA,"IOC","XI-2","IRGC 127867","Madagascar",NA,2,3,10.1,2.6,NA,2,3.4,1,4.61512051684126,1
"IRIS_313_11795",NA,"EAS","XI-1A","IRGC 127291","China",1,1,1,8.1,3.3,3,2,2.5,1,4.39444915467244,1
"IRIS_313_11796",NA,"EAS","XI-1A","IRGC 127345","China",2,1,5,8.3,3.2,2,2,2.3,1,4.4188406077966,1
"IRIS_313_11797",NA,"EAS","XI-1A","IRGC 128289","China",1,1,3,10,2.5,2,2,2.6,1,4.12713438504509,1
"IRIS_313_11798",NA,"EAS","XI-1B","IRGC 127365","China",1,1,1,9.1,3,2,2,2.6,2,4.39444915467244,1
"IRIS_313_11799",NA,"EAS","XI-1A","IRGC 127366","China",1,1,3,9,3.1,2,2,2.4,1,4.38202663467388,1
"IRIS_313_11800",NA,"EAS","GJ-tmp","IRGC 136098","China",1,1,5,8,3.7,2,1,3.1,NA,4.21950770517611,1
"IRIS_313_11801",NA,"EAS","XI-adm","IRGC 127368","China",1,1,3,9,2.8,2,2,2.6,1,4.4188406077966,1
"IRIS_313_11802",NA,"EAS","XI-1A","IRGC 127460","China",1,2,3,8.6,3.3,3,2,2.8,1,4.48863636973214,1
"IRIS_313_11804",NA,"EAS","XI-1A","IRGC 128441","China",2,1,5,8.1,3.3,3,2,2.3,1,4.31748811353631,1
"IRIS_313_11805",NA,"EAS","XI-1A","IRGC 127895","China",2,1,5,8.8,3.4,3,2,2.7,1,4.4188406077966,1
"IRIS_313_11806",NA,"EAS","XI-1A","IRGC 127101","China",1,1,3,8.1,3.1,2,2,2.2,2,4.43081679884331,1
"IRIS_313_11807","I","SAM","XI-adm","IRGC 127757","Colombia",2,1,1,9.6,2.5,3,2,2.4,1,4.65396035015752,1
"IRIS_313_11809","T","EAF","cA (Aus)","IRGC 128387","Kenya",2,1,5,10.5,2.5,3,2,2.3,1,4.44265125649032,1
"IRIS_313_11810","T","EAF","XI-3","IRGC 132036","Kenya",2,1,5,9.9,2.9,3,NA,2.3,1,4.82028156560504,NA
"IRIS_313_11811","T","EAF","XI-2","IRGC 127632","Kenya",2,2,3,9.1,2.9,3,2,2.1,1,4.81218435537242,1
"IRIS_313_11812","T","EAF","XI-3","IRGC 127175","Kenya",2,1,3,10.2,2.8,5,2,2.3,2,4.74493212836325,1
"IRIS_313_11813","T","EAF","XI-3","IRGC 132372","Kenya",2,2,3,9.8,2.7,3,2,2.1,2,4.68213122712422,1
"IRIS_313_11814","T","EAF","XI-3","IRGC 127523","Kenya",2,1,3,11.2,2.8,4,2,3,2,4.91265488573605,2
"IRIS_313_11815","T","EAF","XI-3","IRGC 127633","Kenya",2,1,5,9.8,3,4,2,2.7,1,4.77068462446567,1
"IRIS_313_11816","T","SEA","XI-adm","IRGC 127493","Myanmar",1,1,1,7.8,3.1,3,2,2.4,1,4.67282883446191,2
"IRIS_313_11817","T","SEA","XI-adm","IRGC 128085","Myanmar",2,2,5,9.7,2.9,4,2,2.6,1,4.66343909411207,2
"IRIS_313_11819","T","SEA","XI-3","IRGC 132362","Myanmar",2,2,3,9.5,2.4,3,2,2.8,1,4.7361984483945,2
"IRIS_313_11820","T","SEA","XI-3","IRGC 127709","Myanmar",2,2,3,10.1,2.7,3,2,3.4,1,4.80402104473326,2
"IRIS_313_11821","T","SAC","XI-2","IRGC 127096","India",2,1,5,7.1,3.3,4,2,2.1,2,4.81218435537242,1
"IRIS_313_11822","T","SAC","XI-2","IRGC 135738","India",2,1,3,9.1,3.1,3,2,2.6,NA,4.70953020131233,1
"IRIS_313_11823","T","SAC","XI-2","IRGC 127223","India",2,1,5,9.6,3,4,2,2,2,4.77068462446567,1
"IRIS_313_11824","T","SAC","XI-2","IRGC 127317","India",2,1,5,8.9,3.5,3,2,2.5,2,4.7361984483945,1
"IRIS_313_11825","T","SAC","cB (Bas)","IRGC 135753","India",2,1,5,9.5,2.7,4,2,2.4,NA,4.70953020131233,1
"IRIS_313_11829","T","SAW","GJ-tmp","IRGC 128396","Pakistan",1,1,5,7.3,3.3,2,1,2.4,2,4.35670882668959,2
"IRIS_313_11832","T","SEA","GJ-sbtrp","IRGC 131964","Thailand",2,1,3,9.3,2.8,3,2,2,1,4.63472898822964,1
"IRIS_313_11833","T","SEA","XI-3","IRGC 132276","Thailand",2,1,3,8.2,2.5,4,2,1.6,1,4.9416424226093,2
"IRIS_313_11835","T","SEA","XI-adm","IRGC 128287","Thailand",2,1,7,9.9,3.2,4,2,2.7,1,4.67282883446191,1
"IRIS_313_11836","T","SEA","XI-3","IRGC 132000","Thailand",2,2,5,9.1,2.8,4,2,2.7,1,4.77912349311153,2
"IRIS_313_11840","T","SEA","XI-3","IRGC 132412","Thailand",2,1,3,10.2,2.8,4,2,2,1,4.91998092582813,2
"IRIS_313_11842","T","SEA","XI-3",NA,"Thailand",NA,NA,NA,NA,NA,NA,NA,NA,NA,NA,NA
"IRIS_313_11848","T","SER","XI-3","IRGC 132037","Malaysia",2,1,5,9.5,2.9,4,2,2.4,1,5.08140436498446,2
"IRIS_313_11854",NA,"EAS","XI-1A","IRGC 127276","China",2,1,5,7.7,3.1,3,2,2.1,2,4.46590811865458,NA
"IRIS_313_11866",NA,"EAS","XI-1A","IRGC 127458","China",1,1,3,7.6,3.1,2,2,2.2,1,4.43081679884331,2
"IRIS_313_11867",NA,"EAS","XI-1A","IRGC 127503","China",1,1,3,8.4,2.7,3,2,2.1,1,4.45434729625351,2
"IRIS_313_11870",NA,"EAS","XI-1A","IRGC 132429","China",2,1,5,8.3,2.8,3,2,2.2,1,4.40671924726425,2
"IRIS_313_11877",NA,"EAS","XI-1A","IRGC 127125","China",2,1,3,9.5,2.9,3,2,2.3,2,4.27666611901606,1
"IRIS_313_11878",NA,"EAS","XI-1A","IRGC 127203","China",2,1,5,8.3,3.1,3,2,2.6,2,4.36944785246702,1
"IRIS_313_11882",NA,"EAS","XI-1A","IRGC 127605","China",2,1,3,8.6,3.4,3,2,2.9,1,4.43081679884331,1
"IRIS_313_11887","I","SER-IRRI","XI-1B","IRGC 127434","Philippines",2,1,1,8.9,2.5,3,2,2.3,2,4.48863636973214,1
"IRIS_313_11897","T","SEA","GJ-sbtrp","IRGC 128431","Thailand",1,1,3,8.9,3.2,4,1,2.6,2,4.47733681447821,1
"IRIS_313_11900",NA,"SEA","GJ-sbtrp","IRGC 128435","Thailand",2,1,7,10.8,4.1,4,2,3.7,1,4.67282883446191,1
"IRIS_313_11902",NA,"SER","XI-3","IRGC 127251","Indonesia",2,1,7,8,3.1,4,2,2.4,2,4.74493212836325,1
"IRIS_313_11909",NA,"EAS","XI-1A","IRGC 127414","China",1,1,5,8.1,3.1,3,2,2.2,2,4.36944785246702,1
"IRIS_313_11916","T","IOC","XI-2","IRGC 128395","Sri Lanka",2,1,3,8.5,3.4,4,2,2.1,1,4.70048036579242,2
"IRIS_313_11919","T","SAC","XI-2","IRGC 127542","India",2,1,3,8.6,3,4,2,2.6,2,4.53259949315326,2
"IRIS_313_11920",NA,"SEA","XI-adm","IRGC 127386","Thailand",2,1,5,10.1,2.5,4,2,2.1,2,4.62497281328427,2
"IRIS_313_11924",NA,"SEA","GJ-sbtrp","IRGC 128400","Thailand",2,1,5,10.1,3.3,4,2,2.6,2,4.68213122712422,1
"IRIS_313_11927",NA,"SEA","XI-3","IRGC 127897","Thailand",2,2,3,10.1,3.3,4,2,2.5,1,4.49980967033027,2
"IRIS_313_11929","T","SER","GJ-trp","IRGC 127385","Philippines",2,1,5,9,2.5,3,2,2.1,2,4.63472898822964,2
"IRIS_313_11930","P","WAF","XI-1B","IRGC 127444","Nigeria",2,1,5,9.5,2.6,3,2,2.2,1,4.59511985013459,1
"IRIS_313_11935","T","SEA","XI-3","IRGC 132006","Cambodia",2,1,3,6.6,2,3,2,2.1,1,5.04342511691925,2
"IRIS_313_11939","T","WAF","XI-3","IRGC 127484","Burkina Faso",NA,2,3,9.8,2.6,NA,2,2.9,1,4.78749174278205,1
"IRIS_313_11940","T","WAF","XI-adm","IRGC 127599","Burkina Faso",NA,2,3,8.5,2.8,NA,2,2,1,4.79579054559674,1
"IRIS_313_11941","T","WAF","XI-1B","IRGC 128394","Burkina Faso",2,1,1,9.1,2.4,2,1,2.5,2,4.70048036579242,2
"IRIS_313_11945","T","SAE","XI-2","IRGC 127598","Bangladesh",2,2,5,7.1,2.9,4,2,2,2,4.86753445045558,2
"IRIS_313_11949",NA,"EAS","XI-1A","IRGC 127568","China",2,1,5,8.2,2.9,3,2,2.3,2,4.39444915467244,2
"IRIS_313_11950",NA,"EAS","XI-1A","IRGC 127626","China",2,1,5,7.7,3.3,3,2,2.3,1,4.43081679884331,2
"IRIS_313_11953",NA,"EAS","XI-1A","IRGC 127783","China",1,2,5,8.4,3.1,3,2,2.3,1,4.34380542185368,2
"IRIS_313_11955",NA,"EAS","XI-1A","IRGC 127901","China",2,2,5,7.7,3,3,2,2.4,1,4.47733681447821,2
"IRIS_313_11959","T","SER","XI-3","IRGC 135756","Philippines",2,2,5,8.6,3.4,4,2,2.9,NA,4.86753445045558,2
"IRIS_313_11962",NA,"SEA","XI-3","IRGC 132002","Thailand",NA,2,7,9.9,2.5,NA,2,2.8,1,4.91265488573605,1
"IRIS_313_11966","T","EAS","XI-1A","IRGC 127752","China",2,1,5,8.4,3,3,2,2.4,1,4.48863636973214,2
"IRIS_313_11978","I","SER-IRRI","XI-1B","IRGC 127440","Philippines",2,1,3,9.2,2.6,3,2,2.6,1,4.48863636973214,2
"IRIS_313_11979","I","SER-IRRI","XI-1B","IRGC 127435","Philippines",1,2,5,9.1,2.2,3,2,2.2,2,4.64439089914137,2
"IRIS_313_11988","T","WAF","XI-adm","IRGC 132033","Sierra Leone",2,1,1,7.5,3.2,2,2,2,1,4.90527477843843,1
"IRIS_313_11989","T","SER","XI-3","IRGC 132416","Brunei Darussalam",2,1,3,7.4,2.8,2,2,1.4,1,5.02388052084628,1
"IRIS_313_11994","T","SER","GJ-trp","IRGC 131996","Philippines",2,1,5,8.8,3.6,2,2,1.9,1,4.58496747867057,1
"IRIS_313_11999","T","SEA","XI-3","IRGC 132281","Cambodia",2,1,5,8.1,3,3,2,2.2,2,4.94875989037817,1
"IRIS_313_12000","T","SEA","XI-3","IRGC 135569","Cambodia",2,1,3,7.8,2.7,3,2,2.2,NA,5.04342511691925,2
"IRIS_313_12010",NA,"EAS","XI-1A","IRGC 127900","China",2,1,3,8.2,3.1,2,2,2.4,1,4.36944785246702,1
"IRIS_313_12024",NA,"WAF","XI-1B","IRGC 127866","Sierra Leone",2,1,1,9.5,2.6,2,1,2.6,1,4.58496747867057,1
"IRIS_313_12033",NA,"EAS","XI-1A","IRGC 127377","China",2,1,1,8,3.4,2,2,2.5,1,4.45434729625351,2
"IRIS_313_12040","T","SEA","XI-3","IRGC 132285","Cambodia",2,1,5,7.6,2.7,4,2,2,1,5.11198778835654,2
"IRIS_313_12041","T","SEA","XI-3","IRGC 132413","Cambodia",2,1,5,7.7,2.6,4,2,1.8,1,5.08140436498446,2
"IRIS_313_12044","T","SEA","XI-3","IRGC 135641","Cambodia",2,1,3,8.2,2.6,4,2,2.2,NA,5.01063529409626,2
"IRIS_313_12045","T","SER","GJ-trp",NA,"Indonesia",NA,NA,NA,NA,NA,NA,NA,NA,NA,NA,NA
"IRIS_313_12048","T","SER","XI-3","IRGC 127564","Indonesia",2,1,3,7.1,2.4,4,2,1.5,2,5.01063529409626,2
"IRIS_313_12052","T","SAC","XI-adm","IRGC 127109","India",2,1,5,8.5,3.4,4,2,2.6,1,4.85981240436167,1
"IRIS_313_12054","I","EAS","GJ-tmp","IRGC 128312","China",NA,2,3,7.5,3.2,NA,2,2.5,2,4.23410650459726,1
"IRIS_313_12058","T","SEA","XI-3","IRGC 132406","Cambodia",2,2,5,6.8,2.7,4,2,2.2,1,5.08759633523238,2
"IRIS_313_12060",NA,"EAS","GJ-adm","IRGC 128365","China",2,1,5,7,3.1,3,2,2.4,2,4.11087386417331,1
"IRIS_313_12061",NA,"EAS","GJ-tmp","IRGC 128509","China",2,1,5,6.2,3,2,1,2.1,1,4.21950770517611,1
"IRIS_313_12068","T","SER","GJ-trp","IRGC 132262","Indonesia",2,1,5,9.2,3.2,4,2,2.9,1,4.59511985013459,2
"IRIS_313_12071",NA,"SEA","GJ-sbtrp","IRGC 128406","Lao People's Democratic Republic",2,1,5,9.1,3.2,3,2,3.1,2,4.31748811353631,2
"IRIS_313_12094","T","SAE","cB (Bas)","IRGC 127496","Bangladesh",2,1,5,4.7,2.1,NA,2,1.3,1,4.84418708645859,2
"IRIS_313_12097","T","SEA","XI-3","IRGC 135778","Cambodia",2,1,5,7,2.7,2,2,1.6,NA,5.14749447681345,2
"IRIS_313_12101","T","SEA","XI-3","IRGC 132298","Cambodia",2,2,3,6.2,2.1,NA,2,1.7,2,5.21493575760899,1
"IRIS_313_12108",NA,"SER","GJ-trp",NA,"Malaysia",NA,NA,NA,NA,NA,NA,NA,NA,NA,NA,NA
"IRIS_313_12118",NA,"IOC","XI-2","IRGC 127691","Madagascar",2,1,1,6,2,3,2,2.2,1,4.78749174278205,2
"IRIS_313_12121","T","SEA","XI-3","IRGC 127254","Lao People's Democratic Republic",2,1,5,7.1,2.2,3,2,1.8,2,4.81218435537242,2
"IRIS_313_12127","T","SEA","XI-3","IRGC 127431","Lao People's Democratic Republic",2,1,3,6.7,2.7,3,2,3.7,1,4.81218435537242,2
"IRIS_313_12128","T","SEA","XI-3","IRGC 127408","Lao People's Democratic Republic",2,1,5,7.6,2,4,2,2.6,1,4.84418708645859,2
"IRIS_313_12129","T","SEA","GJ-sbtrp","IRGC 128391","Lao People's Democratic Republic",2,1,7,7,3.4,3,2,3.8,1,4.52178857704904,2
"IRIS_313_12131",NA,"SEA","XI-3","IRGC 132011","Lao People's Democratic Republic",2,1,5,7.4,2.4,4,2,2.2,1,4.64439089914137,2
"IRIS_313_12134","T","SEA","GJ-sbtrp","IRGC 135802","Lao People's Democratic Republic",2,1,7,7,3,3,1,2.9,NA,4.64439089914137,1
"IRIS_313_12135",NA,"SER","XI-1B","IRGC 127726","Malaysia",1,1,3,6.7,1.8,2,2,2,1,4.35670882668959,2
"IRIS_313_12141","T","SAE","cA (Aus)","IRGC 132399","Bangladesh",1,1,5,6,2.1,3,2,2.5,2,4.39444915467244,2
"IRIS_313_12146","T","SEA","XI-adm","IRGC 127121","Cambodia",2,1,3,8.2,2.8,4,2,2.2,2,4.88280192258637,2
"IRIS_313_12164","T","SEA","GJ-adm","IRGC 127723","Cambodia",2,1,5,6.2,2.2,3,2,2.9,2,4.29045944114839,2
"IRIS_313_12183","T","SAC","cA (Aus)","IRGC 127796","Nepal",2,1,3,7.4,3.6,3,2,2.1,1,4.7361984483945,1
"IRIS_313_12188",NA,"SEA","XI-3","IRGC 127260","Lao People's Democratic Republic",2,1,3,9.6,2.7,3,2,2.2,1,4.75359019110636,2
"IRIS_313_12190","T","SEA","XI-adm","IRGC 131975","Lao People's Democratic Republic",2,1,3,10.1,2.9,4,2,3.3,1,4.71849887129509,2
"IRIS_313_12193","T","SEA","XI-3","IRGC 127341","Lao People's Democratic Republic",2,1,7,9.9,3.6,3,2,3.6,2,4.77912349311153,2
"IRIS_313_12228","T","SEA","GJ-sbtrp","IRGC 128474","Lao People's Democratic Republic",2,1,7,9.3,3.3,3,2,3.8,2,4.52178857704904,2
"IRIS_313_12234",NA,"EAS","XI-1B","IRGC 127124","China",1,1,3,7.9,2.8,3,2,3,2,4.59511985013459,2
"IRIS_313_12258","T","SEA","GJ-sbtrp","IRGC 128283","Lao People's Democratic Republic",2,1,7,8.5,3.5,3,2,3.1,1,4.48863636973214,2
"IRIS_313_12259",NA,"SEA","XI-3","IRGC 127352","Lao People's Democratic Republic",2,1,5,9.3,3.5,3,2,2.7,2,4.90527477843843,1
"IRIS_313_12262",NA,"SEA","GJ-sbtrp","IRGC 128410","Lao People's Democratic Republic",2,2,7,10.4,3.3,3,2,3.4,2,4.40671924726425,2
"IRIS_313_12268","T","SEA","XI-adm","IRGC 127616","Myanmar",2,1,3,8.5,2.8,4,2,2.7,2,4.66343909411207,2
"IRIS_313_12275",NA,"EAS","XI-adm","IRGC 127590","China",2,1,5,9.3,2.8,3,2,2.5,2,4.34380542185368,2
"IRIS_313_12281",NA,"IOC","GJ-trp","IRGC 128457","Madagascar",2,1,7,8.9,3.8,4,1,3.1,2,4.57471097850338,1
"IRIS_313_12287","T","SEA","XI-3","IRGC 127501","Myanmar",2,1,3,9.7,2.7,3,2,2.6,1,4.85981240436167,2
"IRIS_313_12289","T","SEA","GJ-sbtrp","IRGC 132304","Myanmar",2,1,7,9.8,3.6,3,2,3.3,1,4.54329478227,1
"IRIS_313_12291","T","SEA","XI-adm","IRGC 132358","Myanmar",2,1,5,8.7,2.9,3,2,2.6,2,4.8283137373023,2
"IRIS_313_12300","T","SEA","XI-adm","IRGC 127673","Lao People's Democratic Republic",2,1,3,8.6,3,3,2,2.2,1,4.51085950651685,2
"IRIS_313_12303","T","SEA","XI-adm","IRGC 127561","Lao People's Democratic Republic",2,1,3,9.4,3.4,4,2,3,1,4.85203026391962,1
"IRIS_313_12305","T","SEA","XI-3","IRGC 127708","Lao People's Democratic Republic",2,1,3,8.1,3.5,3,2,1.5,1,4.85203026391962,2
"IRIS_313_12307",NA,"SEA","GJ-sbtrp","IRGC 132034","Lao People's Democratic Republic",2,1,7,9.5,4.2,3,2,2.9,1,4.53259949315326,2
"IRIS_313_12312",NA,"SEA","GJ-sbtrp","IRGC 128482","Lao People's Democratic Republic",2,1,7,8.9,3.6,3,2,3.3,2,4.48863636973214,1
"IRIS_313_12321","T","SEA","GJ-sbtrp","IRGC 127557","Lao People's Democratic Republic",2,1,7,8.4,3.5,3,2,3.3,2,4.43081679884331,2
"IRIS_313_12323","T","SEA","GJ-sbtrp","IRGC 135563","Lao People's Democratic Republic",2,2,5,10.9,3.7,3,1,4.5,NA,4.45434729625351,2
"IRIS_313_12334","T","SEA","XI-3","IRGC 127334","Lao People's Democratic Republic",2,1,3,10.7,3.6,3,2,3,2,4.48863636973214,2
"IRIS_313_12349",NA,"SEA","GJ-sbtrp","IRGC 127592","Lao People's Democratic Republic",2,1,7,8.8,4,4,2,4.7,2,4.51085950651685,2
"IRIS_313_12350","T","SEA","GJ-sbtrp","IRGC 127593","Lao People's Democratic Republic",2,1,7,9.1,3.8,4,2,3.3,2,4.48863636973214,1
"IRIS_313_12351","T","SEA","GJ-sbtrp","IRGC 135759","Lao People's Democratic Republic",2,1,7,10.3,4.3,3,2,4.5,NA,4.51085950651685,2
"IRIS_313_12354","T","SEA","XI-adm","IRGC 127649","Lao People's Democratic Republic",2,1,1,9.5,3.3,3,2,2.8,1,4.71849887129509,1
"IRIS_313_12355","T","SEA","XI-adm","IRGC 127650","Lao People's Democratic Republic",2,1,1,10.6,2.8,3,2,2.9,1,4.60517018598809,2
"IRIS_313_15900","I","SER-IRRI","XI-adm","IRGC 126960","Philippines",NA,NA,NA,NA,NA,NA,NA,NA,2,NA,NA
"IRIS_313_15908","I","SAM","cA (Aus)","IRGC 126955","Colombia",NA,NA,NA,NA,NA,NA,NA,NA,2,NA,NA
"IRIS_313_15910","I","NAM","GJ-trp","IRGC 126956","United States of America",NA,NA,NA,NA,NA,NA,NA,NA,2,NA,NA
"IRIS_313_7638",NA,"IOC","XI-adm","IRGC 121963","Madagascar",NA,NA,NA,NA,NA,NA,NA,NA,NA,NA,NA
"IRIS_313_7646",NA,"IOC","admix","IRGC 124378","Madagascar",NA,NA,NA,NA,NA,NA,NA,NA,NA,NA,NA
"IRIS_313_7650",NA,"IOC","XI-2","IRGC 124380","Madagascar",NA,NA,NA,NA,NA,NA,NA,NA,NA,NA,NA
"IRIS_313_7685","I","SER-IRRI","XI-1B","IRGC 122089","Philippines",1,1,1,9,2.1,2,2,2.2,NA,4.45434729625351,2
"IRIS_313_7688","I","SER-IRRI","XI-1B","IRGC 122091","Philippines",1,1,3,9.3,2.6,3,1,2.5,NA,4.54329478227,1
"IRIS_313_7689","I","SER-IRRI","XI-1B","IRGC 122092","Philippines",1,2,1,8.9,2.4,2,2,2.4,NA,4.46590811865458,2
"IRIS_313_7719",NA,"WAF","XI-adm","IRGC 122140","Mali",NA,NA,NA,NA,NA,NA,NA,NA,NA,NA,NA
"IRIS_313_7722",NA,"IOC","admix","IRGC 127001","Madagascar",NA,NA,NA,NA,NA,NA,NA,NA,NA,NA,NA
"IRIS_313_7725","T","IOC","XI-2","IRGC 124407","Madagascar",NA,NA,NA,NA,NA,NA,NA,NA,NA,NA,NA
"IRIS_313_7795","T","IOC","XI-2","IRGC 124427","Madagascar",NA,NA,NA,NA,NA,NA,NA,NA,NA,NA,NA
"IRIS_313_7797","I","SER","XI-adm","IRGC 122272","Philippines",NA,NA,NA,NA,NA,NA,NA,NA,NA,NA,NA
"IRIS_313_7799",NA,"IOC","XI-2","IRGC 124428","Madagascar",NA,NA,NA,NA,NA,NA,NA,NA,NA,NA,NA
"IRIS_313_7808","I","WAF","XI-1B","IRGC 122285","Senegal",NA,NA,NA,NA,NA,NA,NA,NA,NA,NA,NA
"IRIS_313_7816","I","WAF","XI-1B","IRGC 122288","Senegal",NA,NA,NA,NA,NA,NA,NA,NA,NA,NA,NA
"IRIS_313_7850",NA,"IOC","GJ-trp","IRGC 121985","Madagascar",NA,NA,NA,NA,NA,NA,NA,NA,NA,NA,NA
"IRIS_313_7866","I","SAM","GJ-trp","IRGC 122018","Colombia",NA,NA,NA,NA,NA,NA,NA,NA,NA,NA,NA
"IRIS_313_7876","T","SER","GJ-trp",NA,"Philippines",NA,NA,NA,NA,NA,NA,NA,NA,NA,NA,NA
"IRIS_313_7883","T","SER","GJ-trp","IRGC 122052","Indonesia",2,1,7,8.5,3.6,3,1,3,NA,4.63472898822964,1
"IRIS_313_7902","I","SER-IRRI","GJ-trp","IRGC 122101","Philippines",NA,NA,NA,NA,NA,NA,NA,NA,NA,NA,NA
"IRIS_313_7909","I","SER-IRRI","GJ-trp","IRGC 122110","Philippines",NA,NA,NA,NA,NA,NA,NA,NA,NA,NA,NA
"IRIS_313_7911","I","SER-IRRI","XI-1B","IRGC 122111","Philippines",NA,NA,NA,NA,NA,NA,NA,NA,NA,NA,NA
"IRIS_313_7914","I","WAF","GJ-trp","IRGC 122115","Cote d'Ivoire",NA,NA,NA,NA,NA,NA,NA,NA,NA,NA,NA
"IRIS_313_7924","I","SAM","GJ-trp","IRGC 122120","Bolivia",NA,NA,NA,NA,NA,NA,NA,NA,NA,NA,NA
"IRIS_313_7933","T","SAC","admix","IRGC 122128","Nepal",1,1,5,7.6,3.4,2,1,2.8,NA,4.21950770517611,2
"IRIS_313_7994","T","IOC","GJ-trp","IRGC 122277","Madagascar",NA,NA,NA,NA,NA,NA,NA,NA,NA,NA,NA
"IRIS_313_8010","I","SER-IRRI","GJ-trp","IRGC 122109","Philippines",NA,NA,NA,NA,NA,NA,NA,NA,NA,NA,NA
"IRIS_313_8024",NA,"EUR","GJ-tmp","IRGC 122217","Italy",NA,NA,NA,NA,NA,NA,NA,NA,NA,NA,NA
"IRIS_313_8037",NA,"EUR","GJ-adm","IRGC 122037","Italy",NA,NA,NA,NA,NA,NA,NA,NA,NA,NA,NA
"IRIS_313_8064","I","SAM","GJ-trp","IRGC 121948","Argentina",NA,NA,NA,NA,NA,NA,NA,NA,NA,NA,NA
"IRIS_313_8066",NA,"EUR","GJ-tmp","IRGC 122053","Italy",NA,NA,NA,NA,NA,NA,NA,NA,NA,NA,NA
"IRIS_313_8074","I","OCE","GJ-trp","IRGC 122067","Australia",NA,NA,NA,NA,NA,NA,NA,NA,NA,NA,NA
"IRIS_313_8085",NA,"EUR","GJ-tmp","IRGC 122016","Spain",NA,NA,NA,NA,NA,NA,NA,NA,NA,NA,NA
"IRIS_313_8115",NA,"EUR","GJ-adm","IRGC 122046","Portugal",NA,NA,NA,NA,NA,NA,NA,NA,NA,NA,NA
"IRIS_313_8118",NA,"EUR","GJ-tmp","IRGC 122085","Portugal",NA,NA,NA,NA,NA,NA,NA,NA,NA,NA,NA
"IRIS_313_8119",NA,"EUR","GJ-tmp","IRGC 122126","Bulgaria",NA,NA,NA,NA,NA,NA,NA,NA,NA,NA,NA
"IRIS_313_8123",NA,"EUR","GJ-tmp","IRGC 122175","Portugal",NA,NA,NA,NA,NA,NA,NA,NA,NA,NA,NA
"IRIS_313_8125",NA,"EUR","GJ-tmp","IRGC 122203","Bulgaria",NA,NA,NA,NA,NA,NA,NA,NA,NA,NA,NA
"IRIS_313_8127",NA,"EUR","GJ-tmp","IRGC 122207","Bulgaria",NA,NA,NA,NA,NA,NA,NA,NA,NA,NA,NA
"IRIS_313_8129",NA,"EUR","GJ-tmp","IRGC 122219","Bulgaria",NA,NA,NA,NA,NA,NA,NA,NA,NA,NA,NA
"IRIS_313_8140",NA,"EAS","GJ-tmp","IRGC 122241","China",NA,NA,NA,NA,NA,NA,NA,NA,NA,NA,NA
"IRIS_313_8151","P","EUR","GJ-tmp","IRGC 122273","Portugal",NA,NA,NA,NA,NA,NA,NA,NA,NA,NA,NA
"IRIS_313_8166",NA,"EUR","GJ-adm","IRGC 121995","France",NA,NA,NA,NA,NA,NA,NA,NA,NA,NA,NA
"IRIS_313_8167","I","EUR","GJ-adm","IRGC 122303","France",NA,NA,NA,NA,NA,NA,NA,NA,NA,NA,NA
"IRIS_313_8168",NA,"EUR","GJ-adm","IRGC 121968","France",NA,NA,NA,NA,NA,NA,NA,NA,NA,NA,NA
"IRIS_313_8172",NA,"SER","admix","IRGC 122048","Philippines",NA,NA,NA,NA,NA,NA,NA,NA,NA,NA,NA
"IRIS_313_8173","I","NAM","GJ-trp","IRGC 121959","United States of America",NA,NA,NA,NA,NA,NA,NA,NA,NA,NA,NA
"IRIS_313_8177",NA,"EUR","GJ-adm","IRGC 121971","Italy",NA,NA,NA,NA,NA,NA,NA,NA,NA,NA,NA
"IRIS_313_8185",NA,"EUR","GJ-trp","IRGC 122061","Italy",NA,NA,NA,NA,NA,NA,NA,NA,NA,NA,NA
"IRIS_313_8204","I","NAM","GJ-tmp","IRGC 121817","United States of America",NA,NA,NA,NA,NA,NA,NA,NA,NA,NA,NA
"IRIS_313_8208",NA,"EUR","GJ-tmp","IRGC 122152","Portugal",NA,NA,NA,NA,NA,NA,NA,NA,NA,NA,NA
"IRIS_313_8293",NA,"WAF","XI-3","IRGC 132432","Senegal",1,2,3,8.7,2.8,3,1,2.3,2,4.87519732320115,1
"IRIS_313_8305","T","SAC","XI-2","IRGC 126289","India",1,1,5,9.6,3.2,4,1,3.2,2,4.43081679884331,2
"IRIS_313_8312","T","SER","XI-3","IRGC 131932","Malaysia",2,1,NA,8,3.3,4,2,2.1,1,5.08759633523238,1
"IRIS_313_8321","P","SAE","cA (Aus)","IRGC 120894","Bangladesh",2,2,5,7.4,3.1,3,2,2.4,1,4.87519732320115,1
"IRIS_313_8323","I","NAM","GJ-trp",NA,"United States of America",NA,NA,NA,NA,NA,NA,NA,NA,NA,NA,NA
"IRIS_313_8326",NA,"SAC","cB (Bas)","IRGC 117494","India",2,1,1,6.2,3.2,3,2,1.6,2,4.61512051684126,1
"IRIS_313_8332",NA,"SAC","XI-adm","IRGC 126298","India",1,2,7,9.9,2.8,4,1,2.1,2,4.64439089914137,2
"IRIS_313_8341",NA,"SEA","XI-adm","IRGC 121599","Viet Nam",2,2,1,8.8,2.6,3,2,1.6,1,4.85981240436167,1
"IRIS_313_8349","T","SAE","XI-2","IRGC 128535","Bangladesh",2,2,5,8.8,3.1,3,2,2.7,1,5.02388052084628,2
"IRIS_313_8356","T","SER","GJ-trp","IRGC 126188","Philippines",2,1,3,8.3,3.8,3,1,3.8,2,4.47733681447821,1
"IRIS_313_8381","T","SER","GJ-trp","IRGC 126308","Malaysia",2,1,5,8.4,3.9,3,1,3.3,2,4.67282883446191,2
"IRIS_313_8386",NA,"SAC","XI-adm","IRGC 126173","India",1,2,3,9,3,4,1,2.6,1,4.62497281328427,1
"IRIS_313_8391",NA,"WAF","XI-2",NA,"Burkina Faso",NA,NA,NA,NA,NA,NA,NA,NA,NA,NA,NA
"IRIS_313_8407","T","SER","XI-3",NA,"Malaysia",NA,NA,NA,NA,NA,NA,NA,NA,NA,NA,NA
"IRIS_313_8436","T","SER","GJ-trp","IRGC 126307","Indonesia",2,2,3,8.7,3.2,3,1,2.6,2,4.78749174278205,1
"IRIS_313_8453",NA,"SAC","XI-adm","IRGC 126043","India",2,1,5,8.5,2.6,4,2,2,2,4.54329478227,2
"IRIS_313_8454",NA,"EAR","XI-1A","IRGC 125618","Taiwan",2,1,1,8.1,3.1,3,2,2.3,1,4.46590811865458,1
"IRIS_313_8493","T","SER","XI-3","IRGC 128537","Indonesia",2,1,3,7.5,2.6,3,1,1.9,1,5.04985600724954,2
"IRIS_313_8530","T","SAC","XI-2","IRGC 126199","India",2,2,5,8.1,3.4,4,1,2.1,2,4.79579054559674,1
"IRIS_313_8557","T","SER","XI-3","IRGC 131956","Malaysia",1,2,7,8.5,2.8,3,1,2.1,1,4.88280192258637,1
"IRIS_313_8568","T","SAC","XI-2","IRGC 125619","India",1,1,5,8.2,3,3,1,2.1,1,4.43081679884331,2
"IRIS_313_8571","T","EAF","XI-3","IRGC 126204","Tanzania",2,1,3,10.8,3.2,4,2,3.3,2,4.74493212836325,2
"IRIS_313_8585",NA,"SAC","XI-adm","IRGC 127033","India",2,2,3,9.1,3.1,4,1,2.7,2,4.62497281328427,1
"IRIS_313_8586","T","SEA","XI-3","IRGC 126081","Thailand",NA,2,7,9.3,3.5,NA,2,3.6,2,4.80402104473326,1
"IRIS_313_8595",NA,"IOC","XI-2","IRGC 126240","Madagascar",2,1,3,10.3,2.9,4,2,3.1,2,4.56434819146784,NA
"IRIS_313_8606","P","SAC","XI-3","IRGC 131926","India",2,2,5,8.4,2.9,4,1,2.1,1,4.9416424226093,2
"IRIS_313_8627","I","NAM","GJ-trp","IRGC 126260","United States of America",2,1,5,9.6,3.1,3,1,3,2,4.40671924726425,1
"IRIS_313_8641","P","SAE","cA (Aus)","IRGC 120876","Bangladesh",1,1,1,9,2.6,3,1,1.9,2,4.27666611901606,2
"IRIS_313_8658","I","NAM","GJ-adm","IRGC 126195","United States of America",1,1,3,9,2.4,3,1,2.2,2,4.52178857704904,1
"IRIS_313_8659",NA,"SEA","XI-adm",NA,"Myanmar",NA,NA,NA,NA,NA,NA,NA,NA,NA,NA,NA
"IRIS_313_8660","T","IOC","XI-2","IRGC 125616","Sri Lanka",2,1,5,7.4,3.1,3,2,2.5,2,4.35670882668959,2
"IRIS_313_8665","I","NAM","GJ-tmp","IRGC 127058","United States of America",1,1,5,8.3,3.2,2,1,2.7,2,4.34380542185368,2
"IRIS_313_8681","T","WAF","XI-3",NA,"Guinea",NA,NA,NA,NA,NA,NA,NA,NA,NA,NA,NA
"IRIS_313_8687","T","WAF","GJ-trp","IRGC 126329","Guinea-Bissau",2,1,5,8.1,3.6,3,1,2.9,2,4.56434819146784,1
"IRIS_313_8690",NA,"SEA","GJ-adm","IRGC 117537","Viet Nam",1,1,1,7.9,3.7,3,1,2.6,1,4.62497281328427,1
"IRIS_313_8703","P","SAE","XI-2","IRGC 124432","Bangladesh",2,1,1,8.5,3.1,4,2,2.4,1,4.91265488573605,1
"IRIS_313_8725","T","SER","XI-3","IRGC 126262","Indonesia",1,2,5,7.8,2.5,4,1,1.7,2,4.76217393479776,2
"IRIS_313_8745",NA,"CAM","GJ-trp","IRGC 126087","Haiti",2,1,5,9.4,3.2,3,1,2.7,2,4.40671924726425,1
"IRIS_313_8751",NA,"SEA","XI-3","IRGC 126209","Myanmar",2,2,3,9.5,2.6,4,1,2.3,2,4.58496747867057,1
"IRIS_313_8755","I","EAR","GJ-tmp","IRGC 126120","Japan",1,1,5,7.4,3.5,3,1,2.6,2,4.23410650459726,1
"IRIS_313_8768","T","WAF","GJ-trp","IRGC 127060","Cote d'Ivoire",2,1,5,9.3,3.2,3,1,2.6,2,4.61512051684126,1
"IRIS_313_8803","I","NAM","GJ-trp","IRGC 126283","United States of America",2,1,1,9.6,2.4,4,1,1.9,2,4.54329478227,1
"IRIS_313_8864","T","SAE","cA (Aus)","IRGC 121069","Bangladesh",2,2,3,8.3,3.7,3,1,2.6,1,4.11087386417331,2
"IRIS_313_8883","T","SER","GJ-adm",NA,"Malaysia",NA,NA,NA,NA,NA,NA,NA,NA,NA,NA,NA
"IRIS_313_8909","T","EAF","XI-3","IRGC 125740","Tanzania",2,1,5,9.8,2.7,4,2,2.4,1,4.92725368515721,2
"IRIS_313_8911","T","SEA","admix",NA,"Thailand",NA,NA,NA,NA,NA,NA,NA,NA,NA,NA,NA
"IRIS_313_8923","I","NAM","GJ-trp","IRGC 125693","United States of America",2,1,5,9.8,2.4,3,2,2.5,1,4.33073334028633,1
"IRIS_313_8924","T","SAC","XI-2","IRGC 125815","India",1,1,3,8,3.1,3,2,2.3,2,4.62497281328427,1
"IRIS_313_8925","T","IOC","XI-2","IRGC 125813","Sri Lanka",1,2,3,8.4,3.1,3,1,2.3,1,4.56434819146784,2
"IRIS_313_8930","T","SAE","XI-1B","IRGC 125844","Bangladesh",1,1,5,7.9,3,3,2,2.7,1,4.64439089914137,2
"IRIS_313_8935",NA,"SAC","XI-adm","IRGC 127034","India",2,1,3,8.4,2.3,3,2,1.7,2,4.58496747867057,2
"IRIS_313_8940",NA,"EAS","XI-1A","IRGC 125744","China",1,1,3,7.9,2.9,2,1,1.8,1,4.40671924726425,2
"IRIS_313_8948","T","SER","XI-3","IRGC 126974","Philippines",2,1,5,8.7,2.9,4,2,2.5,2,4.82028156560504,1
"IRIS_313_8967",NA,"SAC","XI-adm","IRGC 125645","India",2,2,5,9.6,2.8,4,1,2.3,2,4.62497281328427,2
"IRIS_313_8982",NA,"SAC","XI-adm","IRGC 125655","India",2,2,7,8.7,2.8,4,2,2.5,2,4.4188406077966,1
"IRIS_313_8985","T","SEA","XI-3","IRGC 126153","Thailand",2,2,3,8.2,2.9,3,2,2.6,1,4.89783979995091,2
"IRIS_313_8986","T","SAC","XI-adm","IRGC 125637","India",1,2,1,8.8,2.5,3,NA,2.3,2,4.40671924726425,2
"IRIS_313_8988","T","SAC","XI-2","IRGC 125672","India",2,2,3,8.7,3,3,2,2.8,1,4.57471097850338,2
"IRIS_313_9020","T","SEA","XI-3","IRGC 126983","Thailand",2,1,5,9.4,2.6,3,2,2.8,1,4.97673374242057,2
"IRIS_313_9023","P","SAC","XI-adm","IRGC 125715","India",1,1,1,9.2,2.9,2,1,2.5,1,4.55387689160054,1
"IRIS_313_9039","T","IOC","XI-2","IRGC 121441","Sri Lanka",2,1,3,5.7,3,4,2,1.7,1,4.7361984483945,2
"IRIS_313_9048","T","SAE","GJ-sbtrp","IRGC 125930","Bhutan",1,2,5,7,2.9,3,2,2.1,2,4.49980967033027,2
"IRIS_313_9066","P","SAE","XI-1B","IRGC 125659","Bangladesh",2,2,NA,9.4,2.9,3,1,2.5,2,4.35670882668959,2
"IRIS_313_9067","T","SAE","XI-2","IRGC 125681","Bangladesh",2,2,5,9.9,3.3,2,1,2.1,2,4.63472898822964,1
"IRIS_313_9112",NA,"SEA","XI-3","IRGC 125826","Thailand",2,1,3,9.8,2.7,4,2,2.4,1,4.87519732320115,1
"IRIS_313_9116",NA,"SEA","XI-3","IRGC 126138","Thailand",2,1,1,10,3,4,2,3,1,5.01727983681492,1
"IRIS_313_9117","T","SER","XI-3","IRGC 131931","Indonesia",2,1,5,8.3,2.7,4,2,2.2,1,5.0998664278242,2
"IRIS_313_9121","T","SEA","XI-2","IRGC 125802","Thailand",2,2,5,10,3.1,3,1,3,1,4.88280192258637,2
"IRIS_313_9131",NA,"SEA","XI-3","IRGC 135749","Viet Nam",2,2,5,9.3,2.9,3,2,2.5,NA,5.11198778835654,2
"IRIS_313_9148","P","SAE","XI-2","IRGC 125664","Bangladesh",2,2,3,7.8,3.2,4,1,2.4,1,4.70953020131233,2
"IRIS_313_9156","I","SAE","XI-2","IRGC 126200","Bangladesh",1,2,5,9.2,2.5,3,1,2.1,2,4.69134788222914,2
"IRIS_313_9160",NA,"WAF","XI-3","IRGC 125922","Senegal",2,2,5,8.8,2.6,4,2,1.9,2,4.88280192258637,1
"IRIS_313_9182",NA,"SEA","XI-adm","IRGC 125803","Myanmar",1,1,3,NA,NA,2,2,NA,1,4.71849887129509,2
"IRIS_313_9198",NA,"SEA","XI-3",NA,"Lao People's Democratic Republic",NA,NA,NA,NA,NA,NA,NA,NA,NA,NA,NA
"IRIS_313_9228","P","EAR","GJ-tmp","IRGC 125764","Japan",1,1,5,7.3,3.3,2,1,2.7,2,4.27666611901606,1
"IRIS_313_9262","T","SAE","XI-2","IRGC 125785","Bangladesh",1,2,3,8.9,2.9,3,1,2.2,1,4.63472898822964,1
"IRIS_313_9294",NA,"WAF","XI-2","IRGC 131929","Gambia",2,1,3,8.6,2.5,2,2,2.5,2,4.95582705760126,2
"IRIS_313_9320","T","SER","XI-3","IRGC 125901","Indonesia",2,2,3,8.9,3.3,4,1,2.8,2,4.55387689160054,1
"IRIS_313_9324","T","EAS","XI-1A","IRGC 125702","China",2,2,3,8.3,2.8,3,2,2.4,2,4.40671924726425,1
"IRIS_313_9372",NA,"EAS","XI-1A","IRGC 125937","China",2,1,1,7.8,3.2,2,2,2.4,2,4.49980967033027,1
"IRIS_313_9379","T","EAR","GJ-tmp","IRGC 125768","Korea, Republic of",1,1,5,6.7,3.4,2,1,2,2,4.38202663467388,1
"IRIS_313_9384","T","SAC","XI-2","IRGC 125674","India",1,1,3,8,2.1,3,1,1.3,1,4.43081679884331,2
"IRIS_313_9406","T","SEA","XI-3",NA,"Thailand",NA,NA,NA,NA,NA,NA,NA,NA,NA,NA,NA
"IRIS_313_9409","T","SER","XI-3","IRGC 131937","Malaysia",2,1,5,9.6,2.7,4,2,2.4,1,5.11198778835654,1
"IRIS_313_9422","T","SAE","cA (Aus)","IRGC 120915","Bangladesh",1,2,3,7.2,2.7,3,1,2,2,4.17438726989564,2
"IRIS_313_9427",NA,"SAC","XI-adm","IRGC 125654","India",1,1,1,8.9,2.6,3,2,2.5,2,4.52178857704904,1
"IRIS_313_9449","T","SAW","cA (Aus)","IRGC 120996","Pakistan",2,1,5,8.9,2.8,3,2,2.4,2,4.40671924726425,1
"IRIS_313_9464","I","SAM","admix","IRGC 125903","Surinam",1,1,1,11.8,2.8,3,1,3.4,1,4.40671924726425,1
"IRIS_313_9469","T","EAS","XI-1A","IRGC 125929","China",2,2,1,8.6,3.4,3,2,2.8,1,4.40671924726425,1
"IRIS_313_9470","T","SER","GJ-trp","IRGC 126310","Indonesia",2,1,5,7.9,2.9,3,2,2,2,4.75359019110636,2
"IRIS_313_9472",NA,"IOC","XI-adm","IRGC 125756","Sri Lanka",2,1,5,8.5,3.2,3,2,2.8,1,4.79579054559674,2
"IRIS_313_9523","I","EAR","GJ-adm","IRGC 117569","Japan",2,1,5,7.6,3.6,2,1,2.5,2,4.23410650459726,1
"IRIS_313_9570",NA,"EAS","XI-adm","IRGC 125859","China",1,1,3,9.5,3,2,2,2.9,1,4.45434729625351,1
"IRIS_313_9590","T","SER","XI-3","IRGC 125799","Indonesia",2,2,5,8.4,2.8,4,1,2,1,4.60517018598809,2
"IRIS_313_9594","T","SAE","XI-adm","IRGC 126131","Bangladesh",2,1,3,7.5,3,3,2,2.6,1,4.7361984483945,2
"IRIS_313_9602",NA,"SEA","XI-adm","IRGC 125765","Thailand",2,1,5,10.1,3,4,2,3,2,4.60517018598809,2
"IRIS_313_9605","T","SAC","XI-1A","IRGC 125852","India",NA,2,5,7.9,3,NA,2,2.2,1,4.43081679884331,1
"IRIS_313_9626","T","SAE","cA (Aus)","IRGC 121005","Bangladesh",1,2,5,8.9,3.1,3,1,2.4,1,4.34380542185368,2
"IRIS_313_9701","I","EAR","GJ-tmp","IRGC 125911","Taiwan",1,1,1,7.2,3.3,3,1,2.6,2,4.43081679884331,1
"IRIS_313_9790",NA,"SAM","GJ-tmp","IRGC 125781","Uruguay",2,1,5,8.3,3.3,2,1,2.8,1,4.24849524204936,1
"IRIS_313_9917","T","IOC","XI-1B","IRGC 125699","Sri Lanka",NA,2,1,7.8,2.8,NA,2,2,1,4.31748811353631,1
"IRIS_313_9922","I","EAR","XI-1B","IRGC 125778","Korea, Republic of",1,1,3,8,2.9,2,2,2.5,2,4.38202663467388,1
"IRIS_313_9935",NA,"SAM","XI-2","IRGC 126167","Guyana",1,2,5,8,2.5,3,2,1.9,1,4.86753445045558,1
"IRIS_313_9936",NA,"IOC","XI-2","IRGC 126143","Sri Lanka",2,2,5,7.6,2.5,3,2,1.7,1,4.94875989037817,2
"IRIS_313_9937",NA,"EUR","GJ-tmp","IRGC 125888","Italy",1,1,5,9.8,3.3,3,1,2.8,1,4.33073334028633,1
"IRIS_313_9944",NA,"OCE","XI-adm","IRGC 126312","Solomon Islands",1,1,3,8.8,3.2,3,2,2.5,2,4.59511985013459,1
"IRIS_313_9961",NA,"EUR","GJ-tmp","IRGC 125939","Norway",1,1,5,8.9,3.3,2,2,2.7,2,4.18965474202643,1
"IRIS_313_9963",NA,"IOC","cA (Aus)",NA,"Sri Lanka",NA,NA,NA,NA,NA,NA,NA,NA,NA,NA,NA
"IRIS_313_9966","P","SAM","XI-1B","IRGC 125713","Colombia",1,1,1,9.8,2.6,3,2,2.5,1,4.58496747867057,2
"IRIS_313_9968","T","IOC","XI-adm","IRGC 125810","Sri Lanka",1,2,1,8,3.4,3,2,3,1,4.72738781871234,2
"IRIS_313_9996","I","EAR","GJ-tmp","IRGC 126990","Korea, Republic of",1,1,5,7.1,2.9,1,1,2.6,2,4.21950770517611,1
